schemaVersion,recordType,source_name,source_url,entityName,employeeCount,description,category,collectedAt
1.0,STARTUP,Y Combinator Directory,https://groww.in,Groww,1050,"Making financial services simple, transparent and delightful.",Fintech,2026-08-11T07:34:41.387228Z
1.0,STARTUP,Y Combinator Directory,https://www.instacart.com,Instacart,3000,Marketplace for grocery delivery and pickup,Consumer,2026-08-11T07:34:43.179604Z
1.0,STARTUP,Y Combinator Directory,http://gitlab.com/,Gitlab,2000,A complete DevOps platform delivered as a single application.,B2B,2026-08-11T07:34:42.172809Z
1.0,STARTUP,Y Combinator Directory,http://rigetti.com,Rigetti Computing,51,Quantum coherent supercomputing.,Industrials,2026-08-11T07:34:43.164175Z
1.0,STARTUP,Y Combinator Directory,http://dropbox.com,Dropbox,4000,Backup and share files in the cloud.,B2B,2026-08-11T07:34:42.410234Z
1.0,STARTUP,Y Combinator Directory,https://www.equipmentshare.com,Equipmentshare,5400,Cloud solutions for the construction industry.,Real Estate and Construction,2026-08-11T07:34:41.816584Z
1.0,STARTUP,Y Combinator Directory,https://www.billiontoone.com,Billiontoone,300,The genetic testing platform detecting and measuring disease.,Healthcare,2026-08-11T07:34:41.375612Z
1.0,STARTUP,Y Combinator Directory,http://matterport.com,Matterport,201,Turn physical objects and environments into 3D models in seconds.,Consumer,2026-08-11T07:34:41.882467Z
1.0,STARTUP,Y Combinator Directory,https://amplitude.com,Amplitude,750,Digital Analytics Platform,B2B,2026-08-11T07:34:42.500646Z
1.0,STARTUP,Y Combinator Directory,http://pagerduty.com,Pagerduty,950,Real-time visibility into critical apps and services all in one place.,B2B,2026-08-11T07:34:44.237471Z
1.0,STARTUP,Y Combinator Directory,http://ginkgobioworks.com,Ginkgo Bioworks,641,Our mission is to make biology easier to engineer.,Healthcare,2026-08-11T07:34:41.983160Z
1.0,STARTUP,Y Combinator Directory,http://getweave.com,Weave,600,Customer communication and payments platform.,B2B,2026-08-11T07:34:42.259395Z
1.0,STARTUP,Y Combinator Directory,http://www.pardesbio.com,Pardes Biosciences,2,We break viruses,Healthcare,2026-08-11T07:34:42.024778Z
1.0,STARTUP,Y Combinator Directory,https://momentus.space,Momentus,125,The space infrastructure services company,Industrials,2026-08-11T07:34:42.280861Z
1.0,STARTUP,Y Combinator Directory,http://segment.com,Segment,550,"Software and APIs to collect, clean, and control customer data.",B2B,2026-08-11T07:34:43.662531Z
1.0,STARTUP,Y Combinator Directory,http://www.algolia.com,Algolia,810,A developer-friendly and enterprise-grade search API.,B2B,2026-08-11T07:34:41.949354Z
1.0,STARTUP,Y Combinator Directory,https://www.truebill.com,Truebill,225,Live your best financial life,Fintech,2026-08-11T07:34:42.817506Z
1.0,STARTUP,Y Combinator Directory,http://twitch.com,Twitch,2000,A global community creating the future of live entertainment.,Consumer,2026-08-11T07:34:42.312142Z
1.0,STARTUP,Y Combinator Directory,http://plangrid.com,Plangrid,355,Mobile applications for the construction industry.,Real Estate and Construction,2026-08-11T07:34:43.806284Z
1.0,STARTUP,Y Combinator Directory,http://getcruise.com,Cruise,3000,Self-driving cars.,Industrials,2026-08-11T07:34:42.566157Z
1.0,STARTUP,Y Combinator Directory,http://benchling.com,Benchling,750,Unlocking the power of biotech with modern software for modern science,B2B,2026-08-11T07:34:43.499321Z
1.0,STARTUP,Y Combinator Directory,http://casetext.com,Casetext,50,We make the world's laws free and understandable.,B2B,2026-08-11T07:34:41.478862Z
1.0,STARTUP,Y Combinator Directory,http://bird.com,Bird,500,The world’s largest omnichannel communications platform,B2B,2026-08-11T07:34:41.741760Z
1.0,STARTUP,Y Combinator Directory,https://www.brex.com,Brex,1000,"Business accounts, corporate cards, and spend management software.",Fintech,2026-08-11T07:34:41.554126Z
1.0,STARTUP,Y Combinator Directory,https://theathletic.com,The Athletic,600,Subscription sports media.,Consumer,2026-08-11T07:34:43.466056Z
1.0,STARTUP,Y Combinator Directory,http://codecademy.com,Codecademy,225,The leading online learning platform for technical skills.,Education,2026-08-11T07:34:42.074651Z
1.0,STARTUP,Y Combinator Directory,http://www.checkr.com,Checkr,800,People infrastructure for the future of work,B2B,2026-08-11T07:34:41.959818Z
1.0,STARTUP,Y Combinator Directory,https://www.lever.co/,Lever,225,Talent Acquisition Suite that combines ATS + Talent CRM,B2B,2026-08-11T07:34:41.934286Z
1.0,STARTUP,Y Combinator Directory,https://www.clipboardworks.com/careers,Clipboard,1000,"Every shift, Covered.",Consumer,2026-08-11T07:34:41.470629Z
1.0,STARTUP,Y Combinator Directory,https://heap.io/,Heap,388,Captures user interactions with no code to generate analytics.,B2B,2026-08-11T07:34:41.630916Z
1.0,STARTUP,Y Combinator Directory,https://www.sendwave.com,Sendwave,350,"Instant, no fee international remittances.",Fintech,2026-08-11T07:34:42.091069Z
1.0,STARTUP,Y Combinator Directory,https://www.deel.com/,DeepL,5000,The all-in-one HR and payroll platform for global teams,B2B,2026-08-11T07:34:41.529143Z
1.0,STARTUP,Y Combinator Directory,https://clever.com,Clever,210,The platform that powers technology in the classroom.,Education,2026-08-11T07:34:42.830540Z
1.0,STARTUP,Y Combinator Directory,https://www.caper.ai/,Caper,15,Plug-and-play cashier-less retail powered by computer vision and AI,B2B,2026-08-11T07:34:41.782059Z
1.0,STARTUP,Y Combinator Directory,http://reddit.com,Reddit,2000,The frontpage of the internet.,Consumer,2026-08-11T07:34:41.661462Z
1.0,STARTUP,Y Combinator Directory,http://fivestars.com,Fivestars,201,Customer loyalty and payments platform for small businesses.,B2B,2026-08-11T07:34:44.360267Z
1.0,STARTUP,Y Combinator Directory,https://www.mz.com,Machine Zone,501,Pioneers of mobile social gaming.,Consumer,2026-08-11T07:34:42.470601Z
1.0,STARTUP,Y Combinator Directory,https://www.faire.com/,Faire,900,The global online platform empowering independent retail.,B2B,2026-08-11T07:34:41.921762Z
1.0,STARTUP,Y Combinator Directory,http://fivetran.com,Fivetran,1200,The leader in automated data movement,B2B,2026-08-11T07:34:43.271969Z
1.0,STARTUP,Y Combinator Directory,http://optimizely.com,Optimizely,1500,The first all-in-one operating system for marketing,B2B,2026-08-11T07:34:42.129904Z
1.0,STARTUP,Y Combinator Directory,http://weebly.com,Weebly,201,Build a free website that grows with your business.,B2B,2026-08-11T07:34:42.726413Z
1.0,STARTUP,Y Combinator Directory,http://www.flocksafety.com,Flock Safety,1000,The first public safety operating system that eliminates crime.,B2B,2026-08-11T07:34:41.702206Z
1.0,STARTUP,Y Combinator Directory,https://www.nurx.com/,Nurx,300,"Medicine or testing kit, prescribed online and delivered to your door.",Healthcare,2026-08-11T07:34:41.516729Z
1.0,STARTUP,Y Combinator Directory,https://go1.com,Go1,650,A learning platform that enables you to train your staff or customers.,B2B,2026-08-11T07:34:42.230408Z
1.0,STARTUP,Y Combinator Directory,http://coreos.com,Coreos,150,Open source tools of modern distributed systems.,B2B,2026-08-11T07:34:43.209039Z
1.0,STARTUP,Y Combinator Directory,http://bearflagrobotics.com/,Bear Flag Robotics,10,Autonomous driving technology for farm tractors.,Industrials,2026-08-11T07:34:41.512916Z
1.0,STARTUP,Y Combinator Directory,https://www.goatgroup.com/,Goat Group,1600,"Platform for the greatest products from the past, present and future.",Consumer,2026-08-11T07:34:42.496656Z
1.0,STARTUP,Y Combinator Directory,http://heroku.com,Heroku,300,Enabling developers to build and run applications in the cloud.,B2B,2026-08-11T07:34:42.250336Z
1.0,STARTUP,Y Combinator Directory,http://grubmarket.com,Grubmarket,4548,AI-powered technology enabler and digital transformer of American…,B2B,2026-08-11T07:34:42.172809Z
1.0,STARTUP,Y Combinator Directory,https://www.hellosign.com,Hellosign,100,eSignature software for small and mid-market businesses.,B2B,2026-08-11T07:34:42.055970Z
1.0,STARTUP,Y Combinator Directory,http://zenefits.com,Zenefits,500,"HR for small businesses: onboarding, payroll and benefits.",B2B,2026-08-11T07:34:41.956298Z
1.0,STARTUP,Y Combinator Directory,https://www.honeylove.com,Honeylove,100,Honeylove makes functional undergarments for women,Consumer,2026-08-11T07:34:41.803023Z
1.0,STARTUP,Y Combinator Directory,https://cognitohq.com,Cognito,12,"Frictionless, modern identity verification that starts with just a…",B2B,2026-08-11T07:34:41.756069Z
1.0,STARTUP,Y Combinator Directory,https://www.moxionpower.com/,Moxion Power Co.,380,Mobile Energy Storage Technology,Industrials,2026-08-11T07:34:42.365413Z
1.0,STARTUP,Y Combinator Directory,https://www.drchrono.com,Drchrono,150,The essential platform for modern medical practices and patients.,Healthcare,2026-08-11T07:34:42.008716Z
1.0,STARTUP,Y Combinator Directory,https://www.newfront.com/,Newfront,800,Modern insurance brokerage.,Fintech,2026-08-11T07:34:42.196114Z
1.0,STARTUP,Y Combinator Directory,https://nowports.com/,Nowports,550,The core engine of supply chain in LATAM,B2B,2026-08-11T07:34:43.128668Z
1.0,STARTUP,Y Combinator Directory,http://www.odeko.com,Odeko,371,Our operations software makes it easier to run--and grow--your cafe,B2B,2026-08-11T07:34:42.929611Z
1.0,STARTUP,Y Combinator Directory,https://www.gitprime.com,Gitprime,110,Visibility and analytics for software development leaders.,B2B,2026-08-11T07:34:43.435263Z
1.0,STARTUP,Y Combinator Directory,https://proxy.com,Proxy,20,Smart ring digital wallet,Consumer,2026-08-11T07:34:43.741296Z
1.0,STARTUP,Y Combinator Directory,https://podium.com,Podium,1000,Get more leads. Make more money.,B2B,2026-08-11T07:34:42.754063Z
1.0,STARTUP,Y Combinator Directory,http://www.rappi.com,Rappi,4800,On-demand delivery and financial services for Latin America.,Consumer,2026-08-11T07:34:42.909428Z
1.0,STARTUP,Y Combinator Directory,https://razorpay.com,Razorpay,2700,India's only full-stack financial solutions company for businesses.,Fintech,2026-08-11T07:34:42.549782Z
1.0,STARTUP,Y Combinator Directory,http://rippling.com/,Rippling,2500,"One place to run all your HR, IT, and Finance. Globally.",B2B,2026-08-11T07:34:43.051165Z
1.0,STARTUP,Y Combinator Directory,http://scale.com,Scale AI,500,Data-centric infrastructure to accelerate the development of AI,B2B,2026-08-11T07:34:42.440200Z
1.0,STARTUP,Y Combinator Directory,http://scribd.com,Scribd,300,World's largest online library.,Consumer,2026-08-11T07:34:42.738488Z
1.0,STARTUP,Y Combinator Directory,http://shipbob.com,Shipbob,1,Providing Amazon level logistics to e-commerce businesses.,B2B,2026-08-11T07:34:42.978976Z
1.0,STARTUP,Y Combinator Directory,http://smartasset.com,Smartasset,210,Marketplace connecting consumers to financial advisors,Fintech,2026-08-11T07:34:43.837332Z
1.0,STARTUP,Y Combinator Directory,http://stripe.com,Stripe,7000,Economic infrastructure for the internet.,Fintech,2026-08-11T07:34:43.191806Z
1.0,STARTUP,Y Combinator Directory,https://wave.com,Wave,1600,Mobile money app for Africa,Fintech,2026-08-11T07:34:42.919965Z
1.0,STARTUP,Y Combinator Directory,http://zapier.com,Zapier,700,The easiest way to automate your work.,B2B,2026-08-11T07:34:42.982976Z
1.0,STARTUP,Y Combinator Directory,http://www.focal.systems,Focal Systems,170,Building the Operating System for B&M Retail using Deep Learning,B2B,2026-08-11T07:34:42.569766Z
1.0,STARTUP,Y Combinator Directory,http://m.io,Mio,12,Mio powers seamless communication between workplace chat apps.,B2B,2026-08-11T07:34:43.222384Z
1.0,STARTUP,Y Combinator Directory,http://petcube.com,Petcube,51,Petcube is on the mission to improve lives of pets and pet owners…,Consumer,2026-08-11T07:34:43.614535Z
1.0,STARTUP,Y Combinator Directory,http://outschool.com,Outschool,107,A live online learning platform that empowers kids ages 3–18.,Education,2026-08-11T07:34:43.089667Z
1.0,STARTUP,Y Combinator Directory,http://www.bymason.com,Mason,65,Mason is the fastest way to take smart devices from idea to end user,B2B,2026-08-11T07:34:42.648241Z
1.0,STARTUP,Y Combinator Directory,http://www.tovala.com,Tovala,375,A smart-oven-paired subscription meal service.,Consumer,2026-08-11T07:34:42.877556Z
1.0,STARTUP,Y Combinator Directory,http://www.isonohealth.com,Isono Health,9,AI-powered platform for Accessible and Personalized Breast Health…,Healthcare,2026-08-11T07:34:45.666260Z
1.0,STARTUP,Y Combinator Directory,https://www.getaccept.com,Getaccept,200,Close deals faster. Digitally.,B2B,2026-08-11T07:34:44.230972Z
1.0,STARTUP,Y Combinator Directory,http://chatfuel.com,Chatfuel,53,Platform to easily create chatbots to engage with audiences on…,B2B,2026-08-11T07:34:43.992029Z
1.0,STARTUP,Y Combinator Directory,http://gocardless.com,Gocardless,900,We’re building the world’s bank payment network.,Fintech,2026-08-11T07:34:43.630014Z
1.0,STARTUP,Y Combinator Directory,https://www.stealthworker.com,Stealth Worker,5,"Information Security (Cyber Security), Compliance and Privacy (GDPR &…",B2B,2026-08-11T07:34:43.165176Z
1.0,STARTUP,Y Combinator Directory,https://www.deepgram.com,Deepgram,115,Building foundational AI for speech transcription and understanding.,B2B,2026-08-11T07:34:43.249413Z
1.0,STARTUP,Y Combinator Directory,http://soundboks.com,Soundboks,50,We're creating the loudest battery-driven speaker on the market,Consumer,2026-08-11T07:34:43.008303Z
1.0,STARTUP,Y Combinator Directory,https://lattice.com,Lattice,540,Modern people management platform.,B2B,2026-08-11T07:34:42.655240Z
1.0,STARTUP,Y Combinator Directory,http://mux.com,Mux,95,Video infrastructure for developers,B2B,2026-08-11T07:34:43.294974Z
1.0,STARTUP,Y Combinator Directory,http://humaninterest.com,Human Interest,765,The 401(k) for small and medium-sized businesses.,B2B,2026-08-11T07:34:43.968254Z
1.0,STARTUP,Y Combinator Directory,http://eightsleep.com,Eight Sleep,100,The sleep fitness company.,Consumer,2026-08-11T07:34:43.406762Z
1.0,STARTUP,Y Combinator Directory,http://instawork.com,Instawork,500,A flexible work app that connects businesses with hourly workers.,B2B,2026-08-11T07:34:43.642929Z
1.0,STARTUP,Y Combinator Directory,https://www.tetrascience.com,Tetrascience,100,The only R&D data cloud for life sciences,Healthcare,2026-08-11T07:34:42.780494Z
1.0,STARTUP,Y Combinator Directory,https://www.ticketfairy.com/,The Ticket Fairy,30,Revenue generation for live events,Consumer,2026-08-11T07:34:44.607992Z
1.0,STARTUP,Y Combinator Directory,http://fontawesome.com,Font Awesome,17,Icons and social logos for your website.,B2B,2026-08-11T07:34:43.934385Z
1.0,STARTUP,Y Combinator Directory,http://80000hours.org,"80,000 Hours",13,An online guide that tells talented graduates how to maximise the…,Unspecified,2026-08-11T07:34:43.078669Z
1.0,STARTUP,Y Combinator Directory,https://www.xendit.co/,Xendit,700,Provides payment infrastructure for Southeast Asia,Fintech,2026-08-11T07:34:43.374759Z
1.0,STARTUP,Y Combinator Directory,https://shredvideo.com,Shred Video,2,Shred Video builds automated video & photo systems that allow…,Consumer,2026-08-11T07:34:42.963162Z
1.0,STARTUP,Y Combinator Directory,https://plateiq.com/,Plate Iq,200,Automated Accounts Payable,Fintech,2026-08-11T07:34:46.054835Z
1.0,STARTUP,Y Combinator Directory,http://picktrace.com/company,Picktrace,65,Workforce Management for Large Farms,Industrials,2026-08-11T07:34:45.607653Z
1.0,STARTUP,Y Combinator Directory,http://fountain.com,Fountain,200,High volume hiring made simple,B2B,2026-08-11T07:34:43.791282Z
1.0,STARTUP,Y Combinator Directory,http://microhealth.com,Microhealth,10,Digital hematology,Healthcare,2026-08-11T07:34:44.640986Z
1.0,STARTUP,Y Combinator Directory,https://zeplin.io,Zeplin,140,Deliver on the Promise of Design,B2B,2026-08-11T07:34:43.829292Z
1.0,STARTUP,Y Combinator Directory,https://circlemedical.com,Circle Medical,235,Modern primary care via video and in-person,Healthcare,2026-08-11T07:34:44.373269Z
1.0,STARTUP,Y Combinator Directory,http://go.givecampus.com,Givecampus,130,The fundraising platform for schools.,Education,2026-08-11T07:34:43.751922Z
1.0,STARTUP,Y Combinator Directory,http://dripcapital.com,Drip Capital,280,Digital trade finance and B2B commerce company,Fintech,2026-08-11T07:34:44.035023Z
1.0,STARTUP,Y Combinator Directory,http://chaldal.com,Chaldal,2886,Y Combinator Startup,Consumer,2026-08-11T07:34:44.430811Z
1.0,STARTUP,Y Combinator Directory,https://www.clerky.com,Clerky,35,Makes legal paperwork easy for startups and their attorneys.,B2B,2026-08-11T07:34:43.306932Z
1.0,STARTUP,Y Combinator Directory,http://bodyport.com,Bodyport,19,Predicting and preventing heart disease.,Healthcare,2026-08-11T07:34:43.998010Z
1.0,STARTUP,Y Combinator Directory,http://vergegenomics.com,Verge Genomics,50,We use human data and AI to develop better drugs faster.,Healthcare,2026-08-11T07:34:43.687505Z
1.0,STARTUP,Y Combinator Directory,http://www.thriveagritech.com,Thrive Agritech,8,We design and manufacture energy efficient LED lighting fixtures for…,Industrials,2026-08-11T07:34:43.508294Z
1.0,STARTUP,Y Combinator Directory,https://www.tesorio.com,Tesorio,53,Tesorio is the cash flow performance platform that helps finance…,B2B,2026-08-11T07:34:43.576843Z
1.0,STARTUP,Y Combinator Directory,https://agilemd.com,Agilemd,19,Predictive analytics and clinical pathways for hospitals,Healthcare,2026-08-11T07:34:45.836977Z
1.0,STARTUP,Y Combinator Directory,https://reachpower.com,Reach,45,"Long range, wireless energy distribution that scales",Industrials,2026-08-11T07:34:44.806767Z
1.0,STARTUP,Y Combinator Directory,http://sunfarmer.org,Sunfarmer,15,Reliable and affordable solar energy in developing countries.,Industrials,2026-08-11T07:34:43.844811Z
1.0,STARTUP,Y Combinator Directory,https://confidentlims.com,Confident Lims,17,Laboratory Information Management System (LIMS) serving…,B2B,2026-08-11T07:34:43.952719Z
1.0,STARTUP,Y Combinator Directory,https://www.branch8.com,Branch8,15,Branch8 helps sellers to list and manage products on e-commerce…,B2B,2026-08-11T07:34:44.052549Z
1.0,STARTUP,Y Combinator Directory,http://heroiclabs.com,Heroic Labs,21,"Social Infrastructure for Games; Makers of Nakama game server, Satori…",Consumer,2026-08-11T07:34:43.857814Z
1.0,STARTUP,Y Combinator Directory,https://www.snapmagic.com,Snapmagic,23,AI-assisted electronics design,B2B,2026-08-11T07:34:43.264969Z
1.0,STARTUP,Y Combinator Directory,http://gemnote.com,Gemnote,40,"Gemnote is the easiest way to design, create and send custom products.",B2B,2026-08-11T07:34:44.790968Z
1.0,STARTUP,Y Combinator Directory,http://newstoryhomes.org,New Story,20,We pioneer solutions to end the global housing crisis by empowering…,Real Estate and Construction,2026-08-11T07:34:44.384763Z
1.0,STARTUP,Y Combinator Directory,http://ironcladapp.com,Ironclad,700,AI-powered contract management,B2B,2026-08-11T07:34:44.407772Z
1.0,STARTUP,Y Combinator Directory,http://leadersintech.org,Leaders In Tech,1,Become the leader your company needs.,Unspecified,2026-08-11T07:34:44.166252Z
1.0,STARTUP,Y Combinator Directory,http://teaBOT.com,Teabot,2,A robot that makes tea!,B2B,2026-08-11T07:34:45.194367Z
1.0,STARTUP,Y Combinator Directory,https://goteleport.com,Teleport,255,The Infrastructure Identity Company,B2B,2026-08-11T07:34:43.570880Z
1.0,STARTUP,Y Combinator Directory,http://lugg.com,Lugg,50,"Move anything, anytime, anywhere",Consumer,2026-08-11T07:34:44.555997Z
1.0,STARTUP,Y Combinator Directory,http://mashgin.com,Mashgin,150,Self-Checkout using Computer Vision.,B2B,2026-08-11T07:34:44.723633Z
1.0,STARTUP,Y Combinator Directory,http://nimblerx.com,Nimblerx,130,On-demand prescription delivery.,Healthcare,2026-08-11T07:34:44.759473Z
1.0,STARTUP,Y Combinator Directory,https://www.quartzy.com,Quartzy,100,Marketplace for life science supplies.,Healthcare,2026-08-11T07:34:43.854815Z
1.0,STARTUP,Y Combinator Directory,https://replika.ai/,Replika,28,Replika is an AI friend that you can talk to designed to make you…,Consumer,2026-08-11T07:34:45.438132Z
1.0,STARTUP,Y Combinator Directory,http://www.tara.ai,Tara Ai,13,"Meet Tara AI, your new engineering efficiency co-pilot.",B2B,2026-08-11T07:34:43.687505Z
1.0,STARTUP,Y Combinator Directory,http://justflip.com,Flip,1,Community-driven marketplace for sneakers.,Consumer,2026-08-11T07:34:45.527308Z
1.0,STARTUP,Y Combinator Directory,http://www.x-zell.com,X-Zell,19,"Early, pain-free cancer detection.",Healthcare,2026-08-11T07:34:44.457037Z
1.0,STARTUP,Y Combinator Directory,http://zenflow.com,Zenflow,18,"Medical device that provides a more effective, less invasive…",Healthcare,2026-08-11T07:34:44.795971Z
1.0,STARTUP,Y Combinator Directory,https://www.tab.travel,Tab,9,"Revolutionising the way travellers discover, plan and book a trip",Consumer,2026-08-11T07:34:44.574990Z
1.0,STARTUP,Y Combinator Directory,http://streak.com,Streak,35,Streak transforms Gmail into a powerful CRM,B2B,2026-08-11T07:34:44.181283Z
1.0,STARTUP,Y Combinator Directory,https://getmeadow.com,Meadow,14,Point of Sale and Compliance SaaS for Cannabis Dispensaries,B2B,2026-08-11T07:34:43.910722Z
1.0,STARTUP,Y Combinator Directory,http://levelframes.com,Level Frames,5,Software eats custom framing,Consumer,2026-08-11T07:34:45.764448Z
1.0,STARTUP,Y Combinator Directory,http://imicrobes.com,Industrial Microbes,12,We design and build microbes to make chemicals greener at lower cost.,Healthcare,2026-08-11T07:34:44.467628Z
1.0,STARTUP,Y Combinator Directory,http://giveffect.com,Giveffect,1,"Fundraising, Volunteer and Donor Management SaaS for nonprofits.",B2B,2026-08-11T07:34:45.858774Z
1.0,STARTUP,Y Combinator Directory,https://www.ebrandvalue.com/,Ebrandvalue,10,Real-time Nielsen ratings for Brands.Accelerate marketing and product…,B2B,2026-08-11T07:34:44.713632Z
1.0,STARTUP,Y Combinator Directory,http://quantierra.com,Quantierra,5,Sourcing investment real estate,Real Estate and Construction,2026-08-11T07:34:45.395122Z
1.0,STARTUP,Y Combinator Directory,https://cleanly.com,Cleanly,40,Laundry & Dry Cleaning delivered.,Consumer,2026-08-11T07:34:46.071863Z
1.0,STARTUP,Y Combinator Directory,https://www.resolvebim.com,Resolve,10,Software to accelerate construction by finding issues in 3D BIM,Real Estate and Construction,2026-08-11T07:34:43.943766Z
1.0,STARTUP,Y Combinator Directory,https://www.makrwatch.com,Makrwatch,19,Scale new user acquisition with YouTube Creators,B2B,2026-08-11T07:34:44.794969Z
1.0,STARTUP,Y Combinator Directory,https://tempo.fit/,Tempo,158,Live home fitness training powered by computer vision.,Healthcare,2026-08-11T07:34:44.141761Z
1.0,STARTUP,Y Combinator Directory,https://sailsjs.com/about,Sails Co.,4,"Full-service web, mobile, & cloud studio providing professional…",B2B,2026-08-11T07:34:44.045551Z
1.0,STARTUP,Y Combinator Directory,http://readme.com,Readme,52,"Beautiful, personalized, interactive developer hubs",B2B,2026-08-11T07:34:44.317834Z
1.0,STARTUP,Y Combinator Directory,http://www.buildscience.com/,Buildscience,1,The operating system for commercial buildings.,Real Estate and Construction,2026-08-11T07:34:44.021018Z
1.0,STARTUP,Y Combinator Directory,https://platzi.com,Platzi,123,Turning company knowledge into expert teams,B2B,2026-08-11T07:34:44.520623Z
1.0,STARTUP,Y Combinator Directory,https://labdoor.com,Labdoor,11,Labdoor is building the trusted online drugstore.,Consumer,2026-08-11T07:34:45.258769Z
1.0,STARTUP,Y Combinator Directory,http://givemetap.com,Givemetap,1,We produce & sell stainless steel water bottles that enables people…,Consumer,2026-08-11T07:34:45.564004Z
1.0,STARTUP,Y Combinator Directory,http://bankjoy.com,Bankjoy,60,An end-to-end digital banking solution for banks and credit unions,Fintech,2026-08-11T07:34:44.289863Z
1.0,STARTUP,Y Combinator Directory,https://www.zeitview.com/,Zeitview,200,Inspection software for renewable energy & sustainable infrastructure,Industrials,2026-08-11T07:34:44.104181Z
1.0,STARTUP,Y Combinator Directory,https://www.detroitwaterproject.org/,The Human Utility,2,The Human Utility seeks to eliminate water service disconnections for…,Unspecified,2026-08-11T07:34:45.048627Z
1.0,STARTUP,Y Combinator Directory,http://democracy.earth/,Democracy Earth,2,Censorship resistant democracies.,Unspecified,2026-08-11T07:34:45.820460Z
1.0,STARTUP,Y Combinator Directory,https://onesignal.com,Onesignal,150,Engage customers through personalized omni-channel messaging,B2B,2026-08-11T07:34:44.073080Z
1.0,STARTUP,Y Combinator Directory,https://www.numerionlabs.ai,Numerion Labs,67,Artificial intelligence for drug discovery.,Healthcare,2026-08-11T07:34:45.291784Z
1.0,STARTUP,Y Combinator Directory,https://www.thinkbright.mx,Bright,100,Sunrun for the developing world,Industrials,2026-08-11T07:34:46.781857Z
1.0,STARTUP,Y Combinator Directory,https://getmagic.com/,Magic,350,Extremely talented assistants for busy people,B2B,2026-08-11T07:34:44.216946Z
1.0,STARTUP,Y Combinator Directory,https://www.mezmo.com/,Mezmo,172,Observability platform to control all of your log data,B2B,2026-08-11T07:34:44.119741Z
1.0,STARTUP,Y Combinator Directory,http://akidolabs.com,Akido Labs,1000,Rebuilding healthcare with AI at the core,Healthcare,2026-08-11T07:34:45.767441Z
1.0,STARTUP,Y Combinator Directory,http://qventus.com,Qventus,230,We automate operations for hospitals and health systems,Healthcare,2026-08-11T07:34:47.127024Z
1.0,STARTUP,Y Combinator Directory,http://bayesimpact.org,Bayes Impact,11,Tech nonprofit building the future of public services.,Unspecified,2026-08-11T07:34:44.909400Z
1.0,STARTUP,Y Combinator Directory,http://helionenergy.com,Helion Energy,150,Building the world's first fusion power plant,Industrials,2026-08-11T07:34:44.968307Z
1.0,STARTUP,Y Combinator Directory,http://hackerrank.com,Hackerrank,300,Change the world to value skills over pedigree,B2B,2026-08-11T07:34:45.153112Z
1.0,STARTUP,Y Combinator Directory,https://front.com,Front,385,Customer communications hub for building strong relationships,B2B,2026-08-11T07:34:44.474628Z
1.0,STARTUP,Y Combinator Directory,http://apollographql.com/,Apollo,200,Apollo helps engineering teams accelerate delivery,B2B,2026-08-11T07:34:45.961469Z
1.0,STARTUP,Y Combinator Directory,http://roomstorm.com,Roomstorm,4,Real time B2B hotel room marketplace for various industries…,Consumer,2026-08-11T07:34:45.077003Z
1.0,STARTUP,Y Combinator Directory,http://www.hive.co,Hive,65,"Marketing automation for event promoters (email, sms, ads, CRM)",B2B,2026-08-11T07:34:46.209453Z
1.0,STARTUP,Y Combinator Directory,http://www.spotangels.com,Spotangels,11,Waze for parking,Consumer,2026-08-11T07:34:45.103514Z
1.0,STARTUP,Y Combinator Directory,https://www.usergems.com,Usergems,100,The AI Command Center for outbound and ABM,B2B,2026-08-11T07:34:44.654544Z
1.0,STARTUP,Y Combinator Directory,http://sfox.com,Sfox,60,Crypto-currency trading platform.,Fintech,2026-08-11T07:34:45.477277Z
1.0,STARTUP,Y Combinator Directory,https://picnic.ai,Picnicai,100,Intelligence to accelerate human health.,Healthcare,2026-08-11T07:34:44.727634Z
1.0,STARTUP,Y Combinator Directory,https://permutive.com,Permutive,205,Rebuilding data in advertising to protect privacy,B2B,2026-08-11T07:34:44.807765Z
1.0,STARTUP,Y Combinator Directory,http://www.alchemynano.com,Alchemy,25,Nanotechnology-enabled coatings for automotive and defence sectors,Industrials,2026-08-11T07:34:44.836981Z
1.0,STARTUP,Y Combinator Directory,http://metricwire.com,Metricwire,3,Mobile surveys for researchers,Healthcare,2026-08-11T07:34:46.991967Z
1.0,STARTUP,Y Combinator Directory,https://protocol.ai/,Protocol Labs,130,"Protocol Labs makes internet protocols: IPFS, Filecoin, and more.",B2B,2026-08-11T07:34:45.471277Z
1.0,STARTUP,Y Combinator Directory,http://greentoe.com,Greentoe,5,"""Name Your Price"" for products",Consumer,2026-08-11T07:34:46.152113Z
1.0,STARTUP,Y Combinator Directory,http://www.hyperpad.com,Hyperpad,4,"Create, Share, Play Mobile Games on the iPad.",Consumer,2026-08-11T07:34:45.877592Z
1.0,STARTUP,Y Combinator Directory,https://flaviar.com,Flaviar,60,Try-at-home service for fine spirits,Consumer,2026-08-11T07:34:44.854496Z
1.0,STARTUP,Y Combinator Directory,https://clear.in/,Clear,900,"Fintech SaaS platform for invoices, taxes, wealth management & credit.",Fintech,2026-08-11T07:34:45.293781Z
1.0,STARTUP,Y Combinator Directory,http://backpackbang.com,Backpack,2,Marketplace to get stuff from overseas,Consumer,2026-08-11T07:34:45.236712Z
1.0,STARTUP,Y Combinator Directory,http://immunityproject.org,Immunity Project,11,The free HIV vaccine.,Unspecified,2026-08-11T07:34:45.789440Z
1.0,STARTUP,Y Combinator Directory,https://www.dyspatch.io,Dyspatch,20,"AI Email Production - Emails on brand, guaranteed to work, fast.",B2B,2026-08-11T07:34:45.092517Z
1.0,STARTUP,Y Combinator Directory,https://opencurriculum.org,Opencurriculum,1,Helping K-12 teachers and school administrators build awesome…,Unspecified,2026-08-11T07:34:46.179248Z
1.0,STARTUP,Y Combinator Directory,http://mixerbox.com,Mixerbox,30,AI Super-Apps to Live Easier | The anything anytime superapps…,Consumer,2026-08-11T07:34:45.512695Z
1.0,STARTUP,Y Combinator Directory,https://www.ycombinator.com,Y Combinator,100,Make something people want.,Fintech,2026-08-11T07:34:45.066573Z
1.0,STARTUP,Y Combinator Directory,https://www.gbatteries.com,Gbatteries,25,Enabling li-ion batteries to charge ultra fast without compromising…,Industrials,2026-08-11T07:34:45.180119Z
1.0,STARTUP,Y Combinator Directory,http://zinc.com,Zinc,10,The secret backbone of e-commerce.,B2B,2026-08-11T07:34:45.158116Z
1.0,STARTUP,Y Combinator Directory,https://www.zidisha.org,Zidisha,1,Direct P2P lending across the international wealth divide.,Fintech,2026-08-11T07:34:45.727513Z
1.0,STARTUP,Y Combinator Directory,https://www.truevault.com,Truevault,1,We make Privacy Software for SMBs.,B2B,2026-08-11T07:34:44.887201Z
1.0,STARTUP,Y Combinator Directory,http://www.guesty.com,Guesty,700,The management platform for the short term rental industry.,Real Estate and Construction,2026-08-11T07:34:45.111516Z
1.0,STARTUP,Y Combinator Directory,http://snapdocs.com,Snapdocs,285,digital mortgage closing,Real Estate and Construction,2026-08-11T07:34:45.965347Z
1.0,STARTUP,Y Combinator Directory,http://medmonk.com,Medmonk,2,A tool for pharmacists to find funding for patients who are unable to…,Healthcare,2026-08-11T07:34:46.921675Z
1.0,STARTUP,Y Combinator Directory,http://shoobs.com,Shoobs,5,We help you find and book tickets to great entertainment events that…,Consumer,2026-08-11T07:34:46.802774Z
1.0,STARTUP,Y Combinator Directory,https://www.pushbullet.com,Pushbullet,3,Push things to your other things.,Consumer,2026-08-11T07:34:44.873013Z
1.0,STARTUP,Y Combinator Directory,http://povio.com,Povio,250,Engineering and Design that Fuels Startup Success,B2B,2026-08-11T07:34:45.244087Z
1.0,STARTUP,Y Combinator Directory,https://piinpoint.com,Piinpoint,20,PiinPoint helps businesses find the best locations for growth,B2B,2026-08-11T07:34:45.419118Z
1.0,STARTUP,Y Combinator Directory,http://1degree.org,One Degree,14,One Degree is a nonprofit organization that makes it easy for…,Unspecified,2026-08-11T07:34:47.839772Z
1.0,STARTUP,Y Combinator Directory,http://codenow.org,Codenow,2,Our mission is to diversify the talent pipeline of students who…,Unspecified,2026-08-11T07:34:45.998651Z
1.0,STARTUP,Y Combinator Directory,https://codecombat.com,Codecombat,45,Game that teaches computer science to middle and high school kids.,Education,2026-08-11T07:34:44.917840Z
1.0,STARTUP,Y Combinator Directory,http://noorahealth.org,Noora Health,500,Training patients and their families with health skills,Healthcare,2026-08-11T07:34:44.948314Z
1.0,STARTUP,Y Combinator Directory,http://www.cambly.com,Cambly,200,On-demand access to English tutors over video chat.,Education,2026-08-11T07:34:47.146152Z
1.0,STARTUP,Y Combinator Directory,https://ambition.com,Ambition,55,Coaching and gamification software for sales teams.,B2B,2026-08-11T07:34:45.011064Z
1.0,STARTUP,Y Combinator Directory,http://www.airhelp.com,Airhelp,350,"AirHelp helps air passengers get compensation for delayed, cancelled…",Consumer,2026-08-11T07:34:45.360612Z
1.0,STARTUP,Y Combinator Directory,https://42technologies.com,42,1,Analytics stack for omnichannel retailers and brands,B2B,2026-08-11T07:34:45.327073Z
1.0,STARTUP,Y Combinator Directory,https://www.truelinkfinancial.com/,True Link,100,Financial Services for Financial Caregivers.,Fintech,2026-08-11T07:34:45.050614Z
1.0,STARTUP,Y Combinator Directory,http://reebee.com,Reebee,11,Flyer app.,Consumer,2026-08-11T07:34:46.705535Z
1.0,STARTUP,Y Combinator Directory,http://lob.com,Lob,150,Lob is the only automation platform that transforms direct mail into…,B2B,2026-08-11T07:34:45.802440Z
1.0,STARTUP,Y Combinator Directory,https://www.panoramaed.com/,Panorama Education,350,Improving education for every student.,Education,2026-08-11T07:34:45.445945Z
1.0,STARTUP,Y Combinator Directory,http://cratejoy.com,Cratejoy,51,Cratejoy is the platform for subscriptions,B2B,2026-08-11T07:34:46.766307Z
1.0,STARTUP,Y Combinator Directory,http://estimote.com,"Estimote, Inc.",40,Location intelligence platform,B2B,2026-08-11T07:34:45.326073Z
1.0,STARTUP,Y Combinator Directory,http://easypost.com,Easypost,51,The shipping infrastructure of the internet.,B2B,2026-08-11T07:34:46.864577Z
1.0,STARTUP,Y Combinator Directory,http://www.asseta.com,Asseta,4,Marketplace for industrial spare parts and capital equipment.,B2B,2026-08-11T07:34:46.320705Z
1.0,STARTUP,Y Combinator Directory,https://www.pervices.com,Per Vices,11,Building Mission Critical Software Defined Radio products.,Industrials,2026-08-11T07:34:46.074556Z
1.0,STARTUP,Y Combinator Directory,http://7cups.com,7Cups,11,7 Cups is an emotional support service that matches up people that…,Healthcare,2026-08-11T07:34:45.988574Z
1.0,STARTUP,Y Combinator Directory,http://simplyinsured.com,Simplyinsured,35,We sell health insurance to small businesses 100% online.,Healthcare,2026-08-11T07:34:48.379294Z
1.0,STARTUP,Y Combinator Directory,https://circuithub.com,Circuithub,58,On-Demand Electronics Manufacturing,Industrials,2026-08-11T07:34:46.773862Z
1.0,STARTUP,Y Combinator Directory,http://experiment.com,Experiment,1,crowdfunding platform for science,Healthcare,2026-08-11T07:34:46.298284Z
1.0,STARTUP,Y Combinator Directory,https://goradar.com,Radar,120,RADAR is building technology to completely transform the in-store…,B2B,2026-08-11T07:34:46.242341Z
1.0,STARTUP,Y Combinator Directory,http://lollipuff.com,Lollipuff,11,Online Auctions for Authentic (Women's) Designer Goods,Consumer,2026-08-11T07:34:47.624784Z
1.0,STARTUP,Y Combinator Directory,https://www.strikingly.com,Strikingly,99,"The easiest way to create a beautiful, mobile optimized website.",B2B,2026-08-11T07:34:45.476276Z
1.0,STARTUP,Y Combinator Directory,https://influxdata.com,Influxdata,210,The platform for building and operating time series applications.,B2B,2026-08-11T07:34:47.140034Z
1.0,STARTUP,Y Combinator Directory,https://etleap.com,Etleap,11,Etleap is an ETL solution for creating perfect data pipelines.,B2B,2026-08-11T07:34:45.499060Z
1.0,STARTUP,Y Combinator Directory,https://www.circuitlab.com/,Circuitlab,2,Online circuit simulator and electronic schematic editor.,B2B,2026-08-11T07:34:46.906990Z
1.0,STARTUP,Y Combinator Directory,http://thestyleup.com,Styleup,10,"StyleUp brings effortless joy to getting dressed with daily,…",Consumer,2026-08-11T07:34:46.723082Z
1.0,STARTUP,Y Combinator Directory,http://9gag.com,9Gag,36,Make the world happier.,Consumer,2026-08-11T07:34:45.675245Z
1.0,STARTUP,Y Combinator Directory,https://svbtle.com,Svbtle,2,A publishing platform.,Consumer,2026-08-11T07:34:46.981109Z
1.0,STARTUP,Y Combinator Directory,https://plivo.com,Plivo,320,"Voice AI Agents for customer engagement, including WhatsApp, SMS &…",B2B,2026-08-11T07:34:45.943067Z
1.0,STARTUP,Y Combinator Directory,https://doublerobotics.com,Double Robotics,11,Telepresence robots,B2B,2026-08-11T07:34:46.799171Z
1.0,STARTUP,Y Combinator Directory,http://vastrm.com,Vastrm,2,Mass customized active apparel. We are building a full turn key…,Consumer,2026-08-11T07:34:47.548963Z
1.0,STARTUP,Y Combinator Directory,http://flightfox.com,Flightfox,25,"A platform to plan, book and manage global and group travel.",B2B,2026-08-11T07:34:46.164257Z
1.0,STARTUP,Y Combinator Directory,https://www.submittable.com/,Submittable,302,"The best way to launch, manage and measure social impact programs",B2B,2026-08-11T07:34:45.869561Z
1.0,STARTUP,Y Combinator Directory,https://www.newsblur.com,Newsblur,1,NewsBlur is a personalized news reader,Consumer,2026-08-11T07:34:46.294547Z
1.0,STARTUP,Y Combinator Directory,https://octavewealth.com,Octavewealth,2,The 401(k) that helps you grow,B2B,2026-08-11T07:34:46.321707Z
1.0,STARTUP,Y Combinator Directory,http://www.upwave.com,Upwave,50,Marketing analytics for the world's biggest brand marketers,B2B,2026-08-11T07:34:45.712824Z
1.0,STARTUP,Y Combinator Directory,https://eligible.com,Eligible,1,Insurance Billing APIs for Healthcare Businesses,Healthcare,2026-08-11T07:34:46.587779Z
1.0,STARTUP,Y Combinator Directory,https://fundersclub.com/,Fundersclub,5,Online VC,Fintech,2026-08-11T07:34:46.839045Z
1.0,STARTUP,Y Combinator Directory,https://zentail.com,Zentail,30,We're making ecommerce simple connecting brands with sales channels,B2B,2026-08-11T07:34:46.153471Z
1.0,STARTUP,Y Combinator Directory,http://mattermost.com,Mattermost,120,Secure Collaboration for Technical Teams,B2B,2026-08-11T07:34:46.387534Z
1.0,STARTUP,Y Combinator Directory,http://humandx.org,Human Dx,11,The Human Diagnosis Project.,Healthcare,2026-08-11T07:34:48.279300Z
1.0,STARTUP,Y Combinator Directory,http://www.mthsense.com/,Mth Sense,11,We're a mobile on-device profiling and ad-serving platform initially…,B2B,2026-08-11T07:34:47.881999Z
1.0,STARTUP,Y Combinator Directory,https://vorelios.com,Vorelios,2,AI that simulates physics 1000x faster,B2B,2026-08-11T07:34:46.907916Z
1.0,STARTUP,Y Combinator Directory,https://twentyfour26.com/,Twentyfour26,2,On Demand CNC Prototyping,Industrials,2026-08-11T07:34:45.938288Z
1.0,STARTUP,Y Combinator Directory,https://www.useforward.co/,Forward,5,Unifying Global Private Credit,B2B,2026-08-11T07:34:45.907759Z
1.0,STARTUP,Y Combinator Directory,https://screenleap.com,Screenleap,4,One-click screen sharing with installation-free viewing on all devices,B2B,2026-08-11T07:34:46.988924Z
1.0,STARTUP,Y Combinator Directory,https://qokedas.com/,Qokedas,3,Teaching models to decode the physical world,B2B,2026-08-11T07:34:46.008832Z
1.0,STARTUP,Y Combinator Directory,https://www.buxfer.com,Buxfer,1,Buxfer helps you make better spending decisions by making it easy to…,Fintech,2026-08-11T07:34:48.340578Z
1.0,STARTUP,Y Combinator Directory,https://herdr.dev/,Herdr,1,building the open agent runtime,B2B,2026-08-11T07:34:46.019348Z
1.0,STARTUP,Y Combinator Directory,https://lambdarobotics.ai,Lambda Robotics,6,Robotics for AI Infrastructure,Industrials,2026-08-11T07:34:46.026559Z
1.0,STARTUP,Y Combinator Directory,http://virtualmin.com,Virtualmin,2,Y Combinator Startup,B2B,2026-08-11T07:34:50.233550Z
1.0,STARTUP,Y Combinator Directory,https://www.conifer.build,Conifer,3,Local-first least cost routing system to reduce 80%+ token spend,B2B,2026-08-11T07:34:49.524202Z
1.0,STARTUP,Y Combinator Directory,https://simantic.dev,Simantic,4,Firmware simulation for AI agents,B2B,2026-08-11T07:34:49.337354Z
1.0,STARTUP,Y Combinator Directory,https://experientiallabs.ai,Experiential Labs,2,Turn your AI spend into a cheaper + better model you own,B2B,2026-08-11T07:34:49.697818Z
1.0,STARTUP,Y Combinator Directory,https://edviroenergy.com,Edviro,2,Energy world models that fix energy waste before it becomes expensive.,B2B,2026-08-11T07:34:49.305343Z
1.0,STARTUP,Y Combinator Directory,http://coasty.ai/,Coasty,2,The computer-use agent that doesn't break on real software. We will…,B2B,2026-08-11T07:34:51.012678Z
1.0,STARTUP,Y Combinator Directory,https://caution.co,Caution,5,Hosting platform for software you don't want to get hacked,B2B,2026-08-11T07:34:49.857703Z
1.0,STARTUP,Y Combinator Directory,https://atomarine.co,Atomarine,2,Off shore nuclear powered data centers at sea.,Industrials,2026-08-11T07:34:49.193862Z
1.0,STARTUP,Y Combinator Directory,https://thebillow.ai/,Billow Ai Labs,1,AI-native Accounting Firm to Replace the Big-4,B2B,2026-08-11T07:34:49.303340Z
1.0,STARTUP,Y Combinator Directory,https://hardwareintelligence.ai,Hardware Intelligence,2,AI tools for the chips your AI runs on,B2B,2026-08-11T07:34:49.347351Z
1.0,STARTUP,Y Combinator Directory,https://osseus.ai/,Osseus,2,The intelligent development platform for robotics,B2B,2026-08-11T07:34:49.972976Z
1.0,STARTUP,Y Combinator Directory,https://salemroboticsinc.com,Salem Robotics Inc,2,"Deploying robots for inspections in hazardous spaces, like nuclear.",Industrials,2026-08-11T07:34:49.622941Z
1.0,STARTUP,Y Combinator Directory,https://robocurve.org,Robocurve,2,Evaluating robots in the real world.,Industrials,2026-08-11T07:34:49.358873Z
1.0,STARTUP,Y Combinator Directory,https://hiloop.ai,Hiloop,2,Infrastructure for recursive self-improvement,B2B,2026-08-11T07:34:49.409636Z
1.0,STARTUP,Y Combinator Directory,https://www.dawnxr.com,Dawn Industries,2,Automatic Diagnosis & Fix for Industrial Automation Cells,Industrials,2026-08-11T07:34:50.135040Z
1.0,STARTUP,Y Combinator Directory,https://nex.ai,Nex,5,Claude Cowork for GTM Automations,B2B,2026-08-11T07:34:49.294339Z
1.0,STARTUP,Y Combinator Directory,https://onecli.sh,Onecli,1,The Identity Gateway for AI Agents,B2B,2026-08-11T07:34:49.406628Z
1.0,STARTUP,Y Combinator Directory,https://wondering.app,Wondering,2,"Duolingo for learning anything, but 10x better",Consumer,2026-08-11T07:34:49.340351Z
1.0,STARTUP,Y Combinator Directory,https://tracerml.ai,Tracer,1,Combining open-source AI models for better answers at lower cost,B2B,2026-08-11T07:34:49.218865Z
1.0,STARTUP,Y Combinator Directory,https://amulet.so/,Amulet,2,High performance file system for agents,B2B,2026-08-11T07:34:49.342354Z
1.0,STARTUP,Y Combinator Directory,https://avocasystems.com,Avoca Systems,8,The AI-powered operating system for radiology networks,Healthcare,2026-08-11T07:34:49.828407Z
1.0,STARTUP,Y Combinator Directory,https://subvysion.com,Subvysion,2,We help contractors dig safer with 3D maps of underground…,Real Estate and Construction,2026-08-11T07:34:49.228903Z
1.0,STARTUP,Y Combinator Directory,https://spaceflow.tech,"Spaceflow Technologies, Inc.",4,The managed runtime for enterprise AI agents,B2B,2026-08-11T07:34:49.299341Z
1.0,STARTUP,Y Combinator Directory,https://petrarch.co/,Petrarch,3,Unlocking enterprise data for tomorrow's economy,B2B,2026-08-11T07:34:49.293341Z
1.0,STARTUP,Y Combinator Directory,https://locke.inc,Locke,2,Builders of the first AI-native government affairs firm.,B2B,2026-08-11T07:34:49.520116Z
1.0,STARTUP,Y Combinator Directory,https://florin.inc,Florin,3,Florin is the insurance carrier with zero underwriters,Fintech,2026-08-11T07:34:49.305343Z
1.0,STARTUP,Y Combinator Directory,https://earendil.io,Earendil Robotics,7,Drone swarm defence at a small-unit level,Industrials,2026-08-11T07:34:49.506220Z
1.0,STARTUP,Y Combinator Directory,https://hebbianrobotics.com/,Hebbian Robotics,2,APIs for searching and analyzing Physical AI data at scale,Industrials,2026-08-11T07:34:49.295443Z
1.0,STARTUP,Y Combinator Directory,https://hop-aero.com,Hop Aero,6,Rocket cargo delivery to contested environments,Industrials,2026-08-11T07:34:49.990123Z
1.0,STARTUP,Y Combinator Directory,https://www.agentfm.ai/,Agent Fm,2,One group chat to hear and steer your coding agents.,B2B,2026-08-11T07:34:49.309341Z
1.0,STARTUP,Y Combinator Directory,https://www.openrelay.inc,Openrelay,2,"Distributed, hardware-agnostic AI inference",B2B,2026-08-11T07:34:49.682563Z
1.0,STARTUP,Y Combinator Directory,https://trydock.ai,Dock,2,Multiplayer agent workspace to run your company,B2B,2026-08-11T07:34:49.321341Z
1.0,STARTUP,Y Combinator Directory,https://verdictmachine.com,Verdict Machine,4,AI cybersecurity for financial institutions' digital assets,B2B,2026-08-11T07:34:49.375871Z
1.0,STARTUP,Y Combinator Directory,http://hyperprobe.co,Hyperprobe,8,Your coding agent writes code. Now let it fix prod too.,B2B,2026-08-11T07:34:49.957805Z
1.0,STARTUP,Y Combinator Directory,https://www.griprobotics.ai,Grip,4,Physical AI for waste management,Industrials,2026-08-11T07:34:50.250622Z
1.0,STARTUP,Y Combinator Directory,https://skymerse.com,Skymerse,1,Autopilot for Flight Operations,Industrials,2026-08-11T07:34:50.013859Z
1.0,STARTUP,Y Combinator Directory,https://hubble.ai/,Hubble,2,The intelligence layer for patient information,Healthcare,2026-08-11T07:34:49.597326Z
1.0,STARTUP,Y Combinator Directory,https://83sciences.ai,83 Sciences,3,AI-native materials discovery powered by unpublished experimental data,Industrials,2026-08-11T07:34:49.529210Z
1.0,STARTUP,Y Combinator Directory,https://chromie.dev,Chromie,2,"find, qualify, & win contracts with AI",B2B,2026-08-11T07:34:49.878485Z
1.0,STARTUP,Y Combinator Directory,http://lamb-labs.com,Lamb Labs,1,World's fastest AI models,B2B,2026-08-11T07:34:49.519116Z
1.0,STARTUP,Y Combinator Directory,https://www.mireye.com/,Mireye,2,Infrastructure for Physical World AI Agents,B2B,2026-08-11T07:34:49.546322Z
1.0,STARTUP,Y Combinator Directory,http://usederya.com,Derya,2,AI-Native Logistics Office,B2B,2026-08-11T07:34:49.958805Z
1.0,STARTUP,Y Combinator Directory,https://decawork.ai/,Decawork,2,The Agent Control Plane for IT teams,B2B,2026-08-11T07:34:49.371872Z
1.0,STARTUP,Y Combinator Directory,https://www.trycarsignal.com,Carsignal,2,The Smart Operating System for Auto Shops.,B2B,2026-08-11T07:34:49.639948Z
1.0,STARTUP,Y Combinator Directory,https://axelrod.live/,Axelrod,2,Boutique Hotels that run themselves,B2B,2026-08-11T07:34:49.499421Z
1.0,STARTUP,Y Combinator Directory,https://levocred.com/,Levocred Ai,2,"AI for credit funds, fintechs and banks",Fintech,2026-08-11T07:34:49.863847Z
1.0,STARTUP,Y Combinator Directory,https://www.praxisrobotics.io,Praxis Ai,3,Turns every company into a data vendor,Industrials,2026-08-11T07:34:49.338355Z
1.0,STARTUP,Y Combinator Directory,https://caregp.com.au/,Care Gp,10,AI agents to run primary healthcare operations,Healthcare,2026-08-11T07:34:49.984819Z
1.0,STARTUP,Y Combinator Directory,https://radley.health/,Radley,2,"AI-native, full-stack radiology practice",Healthcare,2026-08-11T07:34:49.594330Z
1.0,STARTUP,Y Combinator Directory,https://agnost.ai,Agnost Ai,2,Product analytics for AI Agents,B2B,2026-08-11T07:34:49.307342Z
1.0,STARTUP,Y Combinator Directory,https://agentcard.sh,Agentcard,1,debit cards for AI agents.,Fintech,2026-08-11T07:34:49.675554Z
1.0,STARTUP,Y Combinator Directory,https://provenmetal.com,Provenmetal,4,"Fast-turn, American made PCBs",Industrials,2026-08-11T07:34:49.303340Z
1.0,STARTUP,Y Combinator Directory,https://gamgee.io/,Gamgee,2,Scalable Personalised Cancer Treatment,Healthcare,2026-08-11T07:34:49.513119Z
1.0,STARTUP,Y Combinator Directory,https://inkbox.ai,Inkbox,3,"Let your agents communicate via email, phone, iMessage, & Agent2Agent",B2B,2026-08-11T07:34:50.140120Z
1.0,STARTUP,Y Combinator Directory,https://operonsolutions.com/en,Operon,1,Agentic data layer for manufacturing & process industries.,Industrials,2026-08-11T07:34:50.404022Z
1.0,STARTUP,Y Combinator Directory,https://www.cosmicrobotics.com/,Cosmic Robotics,8,Autonomous construction on Earth and beyond,Industrials,2026-08-11T07:34:49.224983Z
1.0,STARTUP,Y Combinator Directory,https://www.markovstudios.com/,Markov,2,Data for computer-use ai,B2B,2026-08-11T07:34:49.305343Z
1.0,STARTUP,Y Combinator Directory,https://lumeria.skin,Lumeria,3,Oura Ring for Skin.,Healthcare,2026-08-11T07:34:49.295443Z
1.0,STARTUP,Y Combinator Directory,https://marengox.com,Marengo,3,"Automating engineering design, starting with data centers.",Industrials,2026-08-11T07:34:49.299341Z
1.0,STARTUP,Y Combinator Directory,https://ronanrx.com/,Ronanrx Inc.,5,We use AI to personalize peptides to your biology,Healthcare,2026-08-11T07:34:49.862257Z
1.0,STARTUP,Y Combinator Directory,https://executor.sh,Executor,1,The open source integration management layer for AI.,B2B,2026-08-11T07:34:49.954805Z
1.0,STARTUP,Y Combinator Directory,https://lastaccountingcompany.com/,Last Accounting Company,4,Agent-native accounting firm.,B2B,2026-08-11T07:34:49.520116Z
1.0,STARTUP,Y Combinator Directory,https://gopacific.ai/,Pacific,2,Mass-producing and deploying micro data centers for Earth and Space,Industrials,2026-08-11T07:34:49.889520Z
1.0,STARTUP,Y Combinator Directory,https://lucaiq.com/,Luca Iq,5,API First Tax Calculator for CPAs,B2B,2026-08-11T07:34:49.722846Z
1.0,STARTUP,Y Combinator Directory,https://financialdatasets.ai/,Financial Datasets,1,Connect your agent to the stock market,B2B,2026-08-11T07:34:50.398742Z
1.0,STARTUP,Y Combinator Directory,https://getcomputable.com,Computable,2,"Buy, sell, and redeem GPU hours for any week with instant liquidity",Fintech,2026-08-11T07:34:50.004925Z
1.0,STARTUP,Y Combinator Directory,https://trydenta.com,Denta,1,The dental practice that runs itself,Healthcare,2026-08-11T07:34:50.304004Z
1.0,STARTUP,Y Combinator Directory,http://isengardindustries.com/,Isengard Industries Inc,30,Mass-produced AI strike systems and Counter-UAS,Industrials,2026-08-11T07:34:51.022146Z
1.0,STARTUP,Y Combinator Directory,https://ekholabs.com/,Ekho Labs,1,Decisions for disrupted freight,B2B,2026-08-11T07:34:50.500657Z
1.0,STARTUP,Y Combinator Directory,https://vestris.ai/,Vestris,2,AI native platform for real estate closings,Real Estate and Construction,2026-08-11T07:34:50.630790Z
1.0,STARTUP,Y Combinator Directory,https://ultrasonium.com/,Ultrasonium,17,"Manufacturing the metal parts the world runs on faster, cheaper, safer",Industrials,2026-08-11T07:34:50.141120Z
1.0,STARTUP,Y Combinator Directory,https://www.arbital.xyz,Arbital,3,"The trading terminal for perps, memes, and stocks.",Fintech,2026-08-11T07:34:49.845659Z
1.0,STARTUP,Y Combinator Directory,https://www.pokerclubhub.com,Pokerclubhub,1,Host a Poker Club and Make Money,Consumer,2026-08-11T07:34:51.026052Z
1.0,STARTUP,Y Combinator Directory,https://neuronindustries.com,Neuron Industries,2,Industrial Controllers built for AI,Industrials,2026-08-11T07:34:49.846275Z
1.0,STARTUP,Y Combinator Directory,https://www.neuromorphic.vision/,Neuromorphic,3,Building embodiment agnostic robot brains.,Industrials,2026-08-11T07:34:49.852024Z
1.0,STARTUP,Y Combinator Directory,https://www.latolabs.io/,Lato,2,Agent-native research and simulation platform for investors,B2B,2026-08-11T07:34:49.654950Z
1.0,STARTUP,Y Combinator Directory,https://www.risklytics.ai/,Risklytics,2,Commercial Insurance Brokerage for Frontier Tech,Fintech,2026-08-11T07:34:49.959805Z
1.0,STARTUP,Y Combinator Directory,https://www.daqstra.com,Daqstra,3,AI-native orchestration for physical R&D testing,B2B,2026-08-11T07:34:49.823402Z
1.0,STARTUP,Y Combinator Directory,https://www.getqlo.com/,Qlo,2,AI that automates underwriting for commercial insurance carriers,Fintech,2026-08-11T07:34:49.838432Z
1.0,STARTUP,Y Combinator Directory,https://fabraix.com,Fabraix,2,The world's frontier hacker for AI agents.,B2B,2026-08-11T07:34:49.638949Z
1.0,STARTUP,Y Combinator Directory,https://omanta.com/,Omanta,4,A research lab for one,Healthcare,2026-08-11T07:34:49.712834Z
1.0,STARTUP,Y Combinator Directory,https://rational.to,Rational,2,AI Employees for Accounting,B2B,2026-08-11T07:34:49.853161Z
1.0,STARTUP,Y Combinator Directory,https://aktoria.com/,Aktoria Robotics,2,Human as API for robots,Industrials,2026-08-11T07:34:49.835767Z
1.0,STARTUP,Y Combinator Directory,https://vendo.run/,Vendo,2,Let your users build their own features on top of your product,B2B,2026-08-11T07:34:49.841767Z
1.0,STARTUP,Y Combinator Directory,https://www.useclick.ai,Click,1,Web search & connectors for agents,B2B,2026-08-11T07:34:50.563119Z
1.0,STARTUP,Y Combinator Directory,https://whitespacehq.ai/,Whitespace,2,AI Operating System for Wholesale Distributors,B2B,2026-08-11T07:34:50.258864Z
1.0,STARTUP,Y Combinator Directory,https://www.orvixo.ai/,Orvixo,2,AI advanced planning and optimisation for manufacturers.,Industrials,2026-08-11T07:34:49.836273Z
1.0,STARTUP,Y Combinator Directory,http://bluefroggaming.com,Blue Frog Gaming,11,Y Combinator Startup,Consumer,2026-08-11T07:34:50.135040Z
1.0,STARTUP,Y Combinator Directory,https://usealmanac.com,Almanac,1,The AI that knows your company,B2B,2026-08-11T07:34:50.420474Z
1.0,STARTUP,Y Combinator Directory,https://tarebio.com/,Tarebio,1,Vaccines for any cancer or infection in weeks.,Healthcare,2026-08-11T07:34:50.021652Z
1.0,STARTUP,Y Combinator Directory,https://greypointindustries.com/,Greypoint Industries,4,Manufacturing the future of autonomous swarm warfare.,Industrials,2026-08-11T07:34:50.474890Z
1.0,STARTUP,Y Combinator Directory,https://www.graphify.com/,Graphify Labs,2,On-device knowledge graph engine for enterprises,B2B,2026-08-11T07:34:50.327004Z
1.0,STARTUP,Y Combinator Directory,https://ooakdata.com/,Ooak Data,5,We build the world's largest library of real-world business workflow…,B2B,2026-08-11T07:34:49.853161Z
1.0,STARTUP,Y Combinator Directory,http://norirobotics.com,Nori,5,Affordable robot you can teach to do anything,Industrials,2026-08-11T07:34:50.646974Z
1.0,STARTUP,Y Combinator Directory,https://6thsense.dev,6Thsense,1,A nervous system for physical AI,Industrials,2026-08-11T07:34:50.490745Z
1.0,STARTUP,Y Combinator Directory,https://bloomylearning.com/,Bloomy,1,AI-powered mastery learning for K-12,Education,2026-08-11T07:34:50.313004Z
1.0,STARTUP,Y Combinator Directory,https://machine0.io,Machine0,1,Cloud computers for AI agents,B2B,2026-08-11T07:34:50.146121Z
1.0,STARTUP,Y Combinator Directory,https://talentpluto.com,Pluto,5,AI voice agent that helps professionals get discovered,Consumer,2026-08-11T07:34:49.947242Z
1.0,STARTUP,Y Combinator Directory,https://flowmanual.com/,Flowmanual,2,AI for Construction's Back Office.,Real Estate and Construction,2026-08-11T07:34:50.792853Z
1.0,STARTUP,Y Combinator Directory,https://stratumindustries.co/,Stratum Industries,2,AI agents that clear the U.S. government backlog.,Government,2026-08-11T07:34:49.990683Z
1.0,STARTUP,Y Combinator Directory,https://peer-freight.com,Peer,2,AI-native freight brokerage,B2B,2026-08-11T07:34:50.448939Z
1.0,STARTUP,Y Combinator Directory,https://molagri.com,Molagri,4,Resistance free pesticides.,Industrials,2026-08-11T07:34:50.166210Z
1.0,STARTUP,Y Combinator Directory,https://www.cerenovus.ai/,Cerenovus,5,A knowledge company,B2B,2026-08-11T07:34:50.113240Z
1.0,STARTUP,Y Combinator Directory,https://agencytool.com,Agency Tool Company,3,"Reliable infrastructure to build, deploy and manage real-world robots.",Industrials,2026-08-11T07:34:50.611000Z
1.0,STARTUP,Y Combinator Directory,https://standardmachines.com,Standard Machines,1,RL Environments For Chip Design,B2B,2026-08-11T07:34:50.587282Z
1.0,STARTUP,Y Combinator Directory,https://www.traceforce.ai,Traceforce,2,Securing AI native apps directly on devices,B2B,2026-08-11T07:34:50.056941Z
1.0,STARTUP,Y Combinator Directory,https://www.usedefinite.com,Definite,3,Build everyday back-office agents on one live model of your books,B2B,2026-08-11T07:34:50.270851Z
1.0,STARTUP,Y Combinator Directory,https://alkera.ai,Alkera Ai,3,Reliable and safe data engineering and data science agents,B2B,2026-08-11T07:34:51.120277Z
1.0,STARTUP,Y Combinator Directory,https://www.rasyn.ai/,Rasyn,1,Towards a General Intelligence for Chemistry,Healthcare,2026-08-11T07:34:50.209899Z
1.0,STARTUP,Y Combinator Directory,https://www.manifoldindustries.ai/,Manifold,2,"Low-cost, deployment-ready robotic labor for warehouses",Industrials,2026-08-11T07:34:50.263848Z
1.0,STARTUP,Y Combinator Directory,https://screenpipe.com,Screenpipe,2,"AI powered by everything you've seen, said or heard",B2B,2026-08-11T07:34:50.561211Z
1.0,STARTUP,Y Combinator Directory,https://zaplar.com,Zaplar,8,Agentic Hotel Operating System,B2B,2026-08-11T07:34:50.221993Z
1.0,STARTUP,Y Combinator Directory,https://prodigy.markets,Prodigy Research,2,Training the world's best foundation model for quantitative finance.,Fintech,2026-08-11T07:34:50.308003Z
1.0,STARTUP,Y Combinator Directory,https://touchmark.ai,Touchmark,2,Market for future inference capacity,B2B,2026-08-11T07:34:50.917232Z
1.0,STARTUP,Y Combinator Directory,https://www.exosat.com,Exosat,1,Building a sovereign Starlink,Industrials,2026-08-11T07:34:50.279852Z
1.0,STARTUP,Y Combinator Directory,https://codag.ai/,Codag,1,Log compression for agents.,B2B,2026-08-11T07:34:50.395349Z
1.0,STARTUP,Y Combinator Directory,https://context.dev,Context.Dev,1,We give AI agents realtime web context.,B2B,2026-08-11T07:34:50.735738Z
1.0,STARTUP,Y Combinator Directory,https://www.tryglen.com/,Glean,1,Unified organizational context for agents and humans,B2B,2026-08-11T07:34:50.248935Z
1.0,STARTUP,Y Combinator Directory,https://www.stoaexchange.com,Stoa,3,The market behind AI hardware.,Fintech,2026-08-11T07:34:50.405031Z
1.0,STARTUP,Y Combinator Directory,https://joinmarble.ai/,Marble,2,The autonomous back-of-house for restaurants.,B2B,2026-08-11T07:34:50.247935Z
1.0,STARTUP,Y Combinator Directory,https://www.getaudun.com/,Audun,4,AI-native debt collection,Fintech,2026-08-11T07:34:50.590824Z
1.0,STARTUP,Y Combinator Directory,https://www.getcoach.com/,Coach,4,The AI Coach for in person sales reps.,B2B,2026-08-11T07:34:50.455352Z
1.0,STARTUP,Y Combinator Directory,https://www.alloovium.com/en,Alloovium,5,Construction paperwork that finally works for your team,Real Estate and Construction,2026-08-11T07:34:50.570871Z
1.0,STARTUP,Y Combinator Directory,https://www.dialoguslabs.com/,Dialogus,3,Infra for enterprise voice agents.,B2B,2026-08-11T07:34:51.630279Z
1.0,STARTUP,Y Combinator Directory,https://mosaic.inc,Mosaic,2,Defining the frontier of multiplayer AI.,B2B,2026-08-11T07:34:50.284855Z
1.0,STARTUP,Y Combinator Directory,https://bizmark.ai,Bizmark,2,"The OS for companies that make, move, or sell physical goods",B2B,2026-08-11T07:34:50.420474Z
1.0,STARTUP,Y Combinator Directory,https://riften.ai,Riften,1,Earned Intelligence for every company.,B2B,2026-08-11T07:34:51.118278Z
1.0,STARTUP,Y Combinator Directory,https://heybuildbox.com,Buildbox,2,Understand how users experience your AI agents,B2B,2026-08-11T07:34:50.595653Z
1.0,STARTUP,Y Combinator Directory,https://realpact.ai,Realpact,3,AI-native OS for Real Estate Brokerages,Real Estate and Construction,2026-08-11T07:34:50.229556Z
1.0,STARTUP,Y Combinator Directory,https://www.guildai.co,Guild,2,Making aerospace parts faster and cheaper for defense,Industrials,2026-08-11T07:34:50.238087Z
1.0,STARTUP,Y Combinator Directory,https://www.floracene.com/,Floracene,2,Optimized medical device purchasing for independent providers,Healthcare,2026-08-11T07:34:50.401930Z
1.0,STARTUP,Y Combinator Directory,https://rise-reforming.com/home,Rise Reforming,4,We turn waste gases into valuable supply-secure chemicals,Industrials,2026-08-11T07:34:51.426488Z
1.0,STARTUP,Y Combinator Directory,https://instaplay.ai,Instaplay,3,"AI-Native Social Platform, Starting with Games",Consumer,2026-08-11T07:34:50.884525Z
1.0,STARTUP,Y Combinator Directory,https://www.verdantapp.com/,Verdant,2,AI-native land-use permit management for local gov,Government,2026-08-11T07:34:50.621001Z
1.0,STARTUP,Y Combinator Directory,https://www.impact-drones.com,Impact Drones,2,Air Defense as a Service for Civilian Infrastructure.,Industrials,2026-08-11T07:34:50.441841Z
1.0,STARTUP,Y Combinator Directory,https://www.insurf.io,Insurf,2,The AI-Native Decision Infrastructure for Health Insurance,Healthcare,2026-08-11T07:34:50.494067Z
1.0,STARTUP,Y Combinator Directory,https://jcode.sh/,Jcode,1,"20x more coding agents, 20x more productivity",Consumer,2026-08-11T07:34:50.563119Z
1.0,STARTUP,Y Combinator Directory,https://www.lemonlime.ai/,Lemonlime,5,No-code AI that learns your business and self-creates automations.,B2B,2026-08-11T07:34:51.101271Z
1.0,STARTUP,Y Combinator Directory,https://gutgutgoose.com/,Gutgutgoose,2,"Personalized probiotics, guaranteed to colonize.",Healthcare,2026-08-11T07:34:50.640461Z
1.0,STARTUP,Y Combinator Directory,https://speko.ai/?utm_source=ycombinator&utm_medium=profile,Speko,4,OpenRouter for voice AI,B2B,2026-08-11T07:34:50.600422Z
1.0,STARTUP,Y Combinator Directory,https://synapsesemi.org,Synapse Semiconductor,2,Collapsing the edge AI vision hardware stack into one wafer,Industrials,2026-08-11T07:34:51.028055Z
1.0,STARTUP,Y Combinator Directory,https://understudylabs.com/,Understudy Labs,2,Effortlessly move to open weight models,B2B,2026-08-11T07:34:50.577307Z
1.0,STARTUP,Y Combinator Directory,https://tryrote.com/,Rote,1,AI-native insurance department for auto body shops,B2B,2026-08-11T07:34:51.405463Z
1.0,STARTUP,Y Combinator Directory,https://prized.dev,Prized,2,Lovable for internal tools,B2B,2026-08-11T07:34:50.923350Z
1.0,STARTUP,Y Combinator Directory,https://www.maingen.ai/,Maingen,2,RL environments for industrial operations,Industrials,2026-08-11T07:34:50.737782Z
1.0,STARTUP,Y Combinator Directory,https://enact.company,Enact,2,The post-training layer for robotics.,Industrials,2026-08-11T07:34:51.196138Z
1.0,STARTUP,Y Combinator Directory,https://www.rex.inc,Rex,2,AI Operations Partner for Enterprise Order to Cash,B2B,2026-08-11T07:34:50.751508Z
1.0,STARTUP,Y Combinator Directory,https://zommalabs.com,Zomma,5,Computer Use Agents for back offices in finance,B2B,2026-08-11T07:34:51.190153Z
1.0,STARTUP,Y Combinator Directory,https://nebusec.ai,Nebula Security,4,Building Mythos for everyone,B2B,2026-08-11T07:34:50.825341Z
1.0,STARTUP,Y Combinator Directory,https://karalabs.ai/,Kara,3,Making diamond an engineering material,Industrials,2026-08-11T07:34:51.179632Z
1.0,STARTUP,Y Combinator Directory,https://trope.ai,Trope,2,The AI-native ERP system integrator,B2B,2026-08-11T07:34:51.174632Z
1.0,STARTUP,Y Combinator Directory,https://parasma.com,Parasma,1,Training human brain cells for AI compute,B2B,2026-08-11T07:34:50.658492Z
1.0,STARTUP,Y Combinator Directory,https://belvedir.ai/,Belvedir,1,The easiest way to make private AI models.,B2B,2026-08-11T07:34:50.775688Z
1.0,STARTUP,Y Combinator Directory,https://olamlabs.ai,Olam Labs,2,Building multi-agent simulations for model evals and training.,B2B,2026-08-11T07:34:51.033053Z
1.0,STARTUP,Y Combinator Directory,https://ego.ist/,Egoist Machines,2,User-owned memory and preferences that work across every AI app,Consumer,2026-08-11T07:34:50.747585Z
1.0,STARTUP,Y Combinator Directory,https://perceptronml.com,Perceptron Ml,2,We make law firms AI-native.,B2B,2026-08-11T07:34:50.916157Z
1.0,STARTUP,Y Combinator Directory,https://erinys.ai,Erinys,3,Building the first network of AI-native law firms,B2B,2026-08-11T07:34:50.837344Z
1.0,STARTUP,Y Combinator Directory,https://www.manufacturingintelligence.org,Hera,2,Hera catches thousand dollar errors before they hit the shop floor.,Industrials,2026-08-11T07:34:50.740807Z
1.0,STARTUP,Y Combinator Directory,https://donkey.trade,Donkey,7,The AI-native trading company: China factory-direct for US importers,B2B,2026-08-11T07:34:50.743181Z
1.0,STARTUP,Y Combinator Directory,https://opentrade.live/,Opentrade,3,The new interface for investing.,Consumer,2026-08-11T07:34:52.080654Z
1.0,STARTUP,Y Combinator Directory,http://cleverdeck.com,Cleverdeck,1,Collaborate with an artist to commission original artwork you'll live…,Education,2026-08-11T07:34:52.476547Z
1.0,STARTUP,Y Combinator Directory,https://pango.ai/,Pango,5,Agentic OS for e-commerce operations,B2B,2026-08-11T07:34:50.852491Z
1.0,STARTUP,Y Combinator Directory,https://www.tash.cards/,Tash,4,The investment platform for sports & trading cards,Consumer,2026-08-11T07:34:51.244306Z
1.0,STARTUP,Y Combinator Directory,https://www.usetorus.com,Torus,5,Legora for physical engineering firms,Industrials,2026-08-11T07:34:51.279649Z
1.0,STARTUP,Y Combinator Directory,https://kebra.com,Kebra,2,Make your field service company AI-native,B2B,2026-08-11T07:34:51.379050Z
1.0,STARTUP,Y Combinator Directory,https://git.cafe,Gitcafe,2,GitCafe is a modern replacement for GitHub.,B2B,2026-08-11T07:34:52.112634Z
1.0,STARTUP,Y Combinator Directory,https://runinfra.ai/,Rightnow,2,Enabling Model-Hardware Co-Design at Scale,B2B,2026-08-11T07:34:50.887525Z
1.0,STARTUP,Y Combinator Directory,https://akkari.io/,Akkari,5,Autonomous Customer Operations,B2B,2026-08-11T07:34:50.926076Z
1.0,STARTUP,Y Combinator Directory,https://heyclicky.com/,Heyclicky,1,The simplest interface in the world to talk AI models + spawn agents,Consumer,2026-08-11T07:34:51.341450Z
1.0,STARTUP,Y Combinator Directory,https://rindler.ai,Rindler,2,The translation layer between AI agents and the web,B2B,2026-08-11T07:34:51.413462Z
1.0,STARTUP,Y Combinator Directory,https://www.propriorobotics.com/,Proprio Robotics,2,Building autonomous data centers,Industrials,2026-08-11T07:34:50.895533Z
1.0,STARTUP,Y Combinator Directory,https://www.huscarl.io/,Huscarl,2,AI-native actuary enabling self-insurance for corporations,Fintech,2026-08-11T07:34:50.875403Z
1.0,STARTUP,Y Combinator Directory,https://madebythomas.ai,Thomas,2,The first AI founder: a virtual human who runs his own companies.,B2B,2026-08-11T07:34:51.020541Z
1.0,STARTUP,Y Combinator Directory,https://cohesionplatform.com/,Cohesion,3,Agents that automate research for institutional investors,B2B,2026-08-11T07:34:51.114277Z
1.0,STARTUP,Y Combinator Directory,https://www.maquoketa.net,Maquoketa Research,5,The intelligence layer for drones,Industrials,2026-08-11T07:34:52.568644Z
1.0,STARTUP,Y Combinator Directory,https://intelligence-factory.com,Intelligence Factory,5,Human Intelligence for Robots,Industrials,2026-08-11T07:34:51.344452Z
1.0,STARTUP,Y Combinator Directory,https://www.amorphiclabs.com,Amorphic Labs,2,"Agentic, Personalized Product Demo Videos for Sales",B2B,2026-08-11T07:34:51.200833Z
1.0,STARTUP,Y Combinator Directory,https://rekursiv.ai,Rekursiv.Ai,2,Scale AI scientists whose own breakthroughs accelerate the next.,B2B,2026-08-11T07:34:51.388463Z
1.0,STARTUP,Y Combinator Directory,https://clawvisor.com,Clawvisor,1,The Authorization Layer for AI Agents,B2B,2026-08-11T07:34:51.338452Z
1.0,STARTUP,Y Combinator Directory,https://framewisehealth.com,Framewise Health,2,AI-native patient engagement,Healthcare,2026-08-11T07:34:51.500858Z
1.0,STARTUP,Y Combinator Directory,https://arctic.health,Arctic Health,4,AI-native credentialing and contracting for healthcare,Healthcare,2026-08-11T07:34:51.228977Z
1.0,STARTUP,Y Combinator Directory,https://www.enjamb.ai,Enjamb Labs,2,"Where drug teams run their entire program, discovery to FDA approval",B2B,2026-08-11T07:34:51.345452Z
1.0,STARTUP,Y Combinator Directory,https://heyhyper.ai,Hyper,2,Company brain that powers your AI employees,B2B,2026-08-11T07:34:51.643601Z
1.0,STARTUP,Y Combinator Directory,https://insforge.dev/,Insforge,6,The agent-native AWS,B2B,2026-08-11T07:34:51.812268Z
1.0,STARTUP,Y Combinator Directory,https://reasonblocks.com/,Reasonblocks,2,The runtime layer that makes AI agents cheaper and more reliable,B2B,2026-08-11T07:34:51.078276Z
1.0,STARTUP,Y Combinator Directory,https://getmodern.ai,Modern,2,Modern - the ServiceNow killer,B2B,2026-08-11T07:34:51.526866Z
1.0,STARTUP,Y Combinator Directory,https://withpanacea.com,Panacea,2,AI-Native FDA Regulatory Services,Healthcare,2026-08-11T07:34:51.092364Z
1.0,STARTUP,Y Combinator Directory,https://centralcoms.com,Centralcoms,2,AI agent platform for home services companies.,Real Estate and Construction,2026-08-11T07:34:51.283650Z
1.0,STARTUP,Y Combinator Directory,https://kugelaudio.com/en,Kugelaudio,4,Kugel is an on-prem Voice AI model supporting 30+ languages,B2B,2026-08-11T07:34:52.569643Z
1.0,STARTUP,Y Combinator Directory,https://www.klaimee.ai,Klaimee,2,"Liability insurance for AI Agents. You deploy agents, we cover you.",Fintech,2026-08-11T07:34:51.178632Z
1.0,STARTUP,Y Combinator Directory,https://flowscope.com,Flowscope,2,AI-native consulting to map and automate business processes,B2B,2026-08-11T07:34:52.568644Z
1.0,STARTUP,Y Combinator Directory,https://tridentsecurity.io/,Trident,4,Agents that find real exploitable vulnerabilities in your company,B2B,2026-08-11T07:34:51.183632Z
1.0,STARTUP,Y Combinator Directory,https://gigacatalyst.com/,Gigacatalyst,4,Let software users build new features with our in-app AI agents,B2B,2026-08-11T07:34:51.345452Z
1.0,STARTUP,Y Combinator Directory,https://arlo1.com/,Arlo Industries,3,"Track drones and missiles without radars - Accurate, Passive, Scalable",Industrials,2026-08-11T07:34:51.182632Z
1.0,STARTUP,Y Combinator Directory,https://tryastraea.com,Astraea,2,AI Operating System for Clinical Development,B2B,2026-08-11T07:34:51.960199Z
1.0,STARTUP,Y Combinator Directory,https://www.latticehealthai.com/,Lattice Health,1,Monitoring and governance for deployed medical imaging AI,Healthcare,2026-08-11T07:34:51.273649Z
1.0,STARTUP,Y Combinator Directory,https://atlasdiscovery.bio,Atlas Discovery,3,Predicting human response to drugs in clinical trials,Healthcare,2026-08-11T07:34:51.635588Z
1.0,STARTUP,Y Combinator Directory,https://manicule.dev,Manicule,5,AgentRel — Devrel For Agents,B2B,2026-08-11T07:34:51.643601Z
1.0,STARTUP,Y Combinator Directory,https://www.avearobotics.com,Avea Robotics,2,The human-in-the-loop system for robots,Industrials,2026-08-11T07:34:51.256650Z
1.0,STARTUP,Y Combinator Directory,https://www.mochatrade.com,Mochatrade,3,US stock perps for Indian traders,Fintech,2026-08-11T07:34:51.272650Z
1.0,STARTUP,Y Combinator Directory,https://asendia.ai/,Asendia Ai,3,AI recruiters for staffing agencies,B2B,2026-08-11T07:34:52.041114Z
1.0,STARTUP,Y Combinator Directory,https://revnu.com,Revnu,2,The growth infrastructure for the autonomous business,B2B,2026-08-11T07:34:51.833532Z
1.0,STARTUP,Y Combinator Directory,https://myunowallet.com/,Uno Wallet,2,The AI mobile wallet that replaces Apple Pay,Fintech,2026-08-11T07:34:51.863568Z
1.0,STARTUP,Y Combinator Directory,https://ardentech.ai/,Arden,2,AI-native internal audit firm,B2B,2026-08-11T07:34:51.350505Z
1.0,STARTUP,Y Combinator Directory,https://agentphone.ai/,Agentphone,2,Phone Numbers for AI Agents,B2B,2026-08-11T07:34:51.642697Z
1.0,STARTUP,Y Combinator Directory,https://gravy.finance,Gravy,2,"Agents that move money, trade stocks, and file taxes.",Fintech,2026-08-11T07:34:51.445496Z
1.0,STARTUP,Y Combinator Directory,https://www.trykinect.ai/,Kinect,2,The AI revenue platform for D2C brands,B2B,2026-08-11T07:34:51.560623Z
1.0,STARTUP,Y Combinator Directory,https://www.runtm.com/,Runtime,3,"Build and run internal agents, without managing the infrastructure",B2B,2026-08-11T07:34:53.209739Z
1.0,STARTUP,Y Combinator Directory,https://youart.ai,Youart,3,Patreon for AI Originals,Consumer,2026-08-11T07:34:51.867503Z
1.0,STARTUP,Y Combinator Directory,https://expanse.sh,Expanse,4,Unlock wasted GPU capacity.,B2B,2026-08-11T07:34:51.676572Z
1.0,STARTUP,Y Combinator Directory,https://characterquilt.com,Characterquilt,4,Computer use agents to deploy enterprise marketing campaigns,B2B,2026-08-11T07:34:51.549386Z
1.0,STARTUP,Y Combinator Directory,https://pentagon.run,Pentagon,1,The control plane for agent-native work.,B2B,2026-08-11T07:34:52.174783Z
1.0,STARTUP,Y Combinator Directory,https://www.arzana.com/,Arzana,6,The autonomous ERP for every manufacturer,B2B,2026-08-11T07:34:51.372057Z
1.0,STARTUP,Y Combinator Directory,https://www.useauxos.com,Auxos,3,Simulations of real people for market research,B2B,2026-08-11T07:34:52.246317Z
1.0,STARTUP,Y Combinator Directory,https://www.projectx.cloud/,Projectx,8,Agent native workspace for heavy parallel workflows on the web,B2B,2026-08-11T07:34:52.778572Z
1.0,STARTUP,Y Combinator Directory,https://www.tolmo.com,Tolmo,12,Tolmo is the AI security platform that secures every layer of cloud…,B2B,2026-08-11T07:34:51.982046Z
1.0,STARTUP,Y Combinator Directory,https://openworklabs.com,Openwork,4,The open source alternative to Claude Cowork,B2B,2026-08-11T07:34:51.676572Z
1.0,STARTUP,Y Combinator Directory,https://apolloatomics.com/,"Apollo Atomics, Inc.",1,We make the most compact nuclear reactors,Industrials,2026-08-11T07:34:51.701107Z
1.0,STARTUP,Y Combinator Directory,https://generalaviation.com,General Aviation,1,Fix ATC by connecting aircraft to the internet,Industrials,2026-08-11T07:34:51.792037Z
1.0,STARTUP,Y Combinator Directory,https://prose.md,Openprose,3,An open-source operating system for reliable long-running agents,B2B,2026-08-11T07:34:51.672652Z
1.0,STARTUP,Y Combinator Directory,https://www.asterlab.ai/,Aster,2,Automating open-ended research.,B2B,2026-08-11T07:34:51.471847Z
1.0,STARTUP,Y Combinator Directory,https://amboras.com,Amboras,3,AI Native Shopify,B2B,2026-08-11T07:34:51.796261Z
1.0,STARTUP,Y Combinator Directory,https://hessian.sh,Hessian,3,Forward-deployed AI Agents,B2B,2026-08-11T07:34:51.509849Z
1.0,STARTUP,Y Combinator Directory,https://raspire.com/,Raspire,3,Autonomous Runtime Security,B2B,2026-08-11T07:34:51.643601Z
1.0,STARTUP,Y Combinator Directory,https://www.plena.health/,Plena Health,1,Plena is the AI operating system for specialty medical practices,Healthcare,2026-08-11T07:34:52.035027Z
1.0,STARTUP,Y Combinator Directory,https://tester.army,Testerarmy,4,"Test your app with AI, catch bugs before users do",B2B,2026-08-11T07:34:51.498848Z
1.0,STARTUP,Y Combinator Directory,https://www.edenrobotics.ai,Eden Robotics,4,Autonomous services for humanity.,Industrials,2026-08-11T07:34:53.126560Z
1.0,STARTUP,Y Combinator Directory,https://foaster.ai,Foaster,2,The AI-native McKinsey,B2B,2026-08-11T07:34:51.819785Z
1.0,STARTUP,Y Combinator Directory,https://aquashieldai.com,Aquashield,3,AI water leak detection for buildings,Real Estate and Construction,2026-08-11T07:34:51.464847Z
1.0,STARTUP,Y Combinator Directory,https://ornadyne.com/,Ornadyne,4,We're building robot birds for surveillance.,Industrials,2026-08-11T07:34:51.810267Z
1.0,STARTUP,Y Combinator Directory,https://www.anoria.com,Anoria,5,The first wearable that reads your emotions to enhance your EQ.,Consumer,2026-08-11T07:34:51.629272Z
1.0,STARTUP,Y Combinator Directory,https://www.abinitio-bio.com,Abinitio Bio,2,The Intelligence layer for Drug Manufacturing,Healthcare,2026-08-11T07:34:51.790025Z
1.0,STARTUP,Y Combinator Directory,https://memory.store,Memory Store,4,Company Brain.,B2B,2026-08-11T07:34:52.015026Z
1.0,STARTUP,Y Combinator Directory,https://saudara.ai,Saudara Ai,2,AI Native Sourcing Broker For Overseas Manufacturing,B2B,2026-08-11T07:34:51.668304Z
1.0,STARTUP,Y Combinator Directory,https://pops.fyi,Pops,1,Create & play AI games with friends,Consumer,2026-08-11T07:34:52.306252Z
1.0,STARTUP,Y Combinator Directory,https://silmaril.dev,Silmaril,2,Security for agents that self-improves,B2B,2026-08-11T07:34:51.965194Z
1.0,STARTUP,Y Combinator Directory,https://www.getbiostack.com/,Biostack Platforms,1,Real world training envs for healthcare AI models,Healthcare,2026-08-11T07:34:51.626194Z
1.0,STARTUP,Y Combinator Directory,https://tryardent.com,Ardent,3,Database sandboxes for Agents,B2B,2026-08-11T07:34:51.966191Z
1.0,STARTUP,Y Combinator Directory,https://kuli.one,Kuli,1,AI coworker for marketing teams at the largest consumer brands,B2B,2026-08-11T07:34:51.708099Z
1.0,STARTUP,Y Combinator Directory,https://www.watolabs.com/,Wato,2,The control point for AI agents at work.,B2B,2026-08-11T07:34:51.735772Z
1.0,STARTUP,Y Combinator Directory,https://tasklet.ai,Tasklet,8,Agents that own the work,B2B,2026-08-11T07:34:51.520849Z
1.0,STARTUP,Y Combinator Directory,https://chronicle-labs.com,Chronicle Labs,2,Staging Environments for Enterprise AI Agents,B2B,2026-08-11T07:34:51.709840Z
1.0,STARTUP,Y Combinator Directory,https://www.walter.one,Walter,1,AI Employee for Manufacturing Operations,B2B,2026-08-11T07:34:51.816271Z
1.0,STARTUP,Y Combinator Directory,https://www.aseonlabs.com/,Aseon Labs,5,Robotic pitstops for self-driving cars,Industrials,2026-08-11T07:34:52.126634Z
1.0,STARTUP,Y Combinator Directory,https://www.soriaanalytics.com/,Soria,3,AI Financial Research Terminal built for Healthcare (and beyond),Fintech,2026-08-11T07:34:51.801265Z
1.0,STARTUP,Y Combinator Directory,https://armature.tech,Armature,3,Improve how users experience your product through AI Agents,B2B,2026-08-11T07:34:51.719762Z
1.0,STARTUP,Y Combinator Directory,https://usecollarai.com,Collar,2,The platform for AI-native private market investors.,B2B,2026-08-11T07:34:52.186393Z
1.0,STARTUP,Y Combinator Directory,https://plan0.ai/,Plan0 Ai,4,Construction Cost Intelligence.,Real Estate and Construction,2026-08-11T07:34:52.568644Z
1.0,STARTUP,Y Combinator Directory,https://zibralabs.ai/,Zibra Labs,2,Distributed runtime for AI workloads at scale,B2B,2026-08-11T07:34:51.673655Z
1.0,STARTUP,Y Combinator Directory,https://ara.so,Ara,2,The Cloud Coding Agent,B2B,2026-08-11T07:34:51.799263Z
1.0,STARTUP,Y Combinator Directory,https://valctrl.com,Valctrl,2,ValCtrl is building the only intelligent prediction market,Fintech,2026-08-11T07:34:52.008107Z
1.0,STARTUP,Y Combinator Directory,https://general-instinct.com/,General Instinct,2,Inference Infrastructure for Physical AI,Industrials,2026-08-11T07:34:52.275878Z
1.0,STARTUP,Y Combinator Directory,https://tday.com,Tday.Com,2,AI that turns your product into on-brand marketing content,B2B,2026-08-11T07:34:52.443251Z
1.0,STARTUP,Y Combinator Directory,https://www.ed1th.com,Ed1Th,1,Jarvis IRL,Consumer,2026-08-11T07:34:52.246317Z
1.0,STARTUP,Y Combinator Directory,https://minicor.com,Minicor,7,Scalable windows desktop automations,B2B,2026-08-11T07:34:51.882506Z
1.0,STARTUP,Y Combinator Directory,https://degla.ai,Degla Inc,2,The fully autonomous intelligence layer in the sky.,Industrials,2026-08-11T07:34:51.823791Z
1.0,STARTUP,Y Combinator Directory,https://archermoney.com/,Archer,4,Global payouts for the workforce powering AI,Fintech,2026-08-11T07:34:52.660368Z
1.0,STARTUP,Y Combinator Directory,https://www.rivermarkets.com,River Markets,2,Prime brokerage for prediction markets,Fintech,2026-08-11T07:34:52.066635Z
1.0,STARTUP,Y Combinator Directory,https://smolmachines.com/,Smol Machines,1,"Ship software faster with portable, self contained virtual machines.",B2B,2026-08-11T07:34:52.714990Z
1.0,STARTUP,Y Combinator Directory,https://useallowance.com/,Allowance,1,The spend control layer for AI agents,Fintech,2026-08-11T07:34:51.827795Z
1.0,STARTUP,Y Combinator Directory,https://runharbor.com/,Harbor,3,AI-native CRO for clinical trial operations,Healthcare,2026-08-11T07:34:51.976022Z
1.0,STARTUP,Y Combinator Directory,https://complir.io/,Complir,13,Vanta for physical products,B2B,2026-08-11T07:34:52.855059Z
1.0,STARTUP,Y Combinator Directory,https://aicepower.com,Aice,2,Submarine drones for defense,Industrials,2026-08-11T07:34:52.239742Z
1.0,STARTUP,Y Combinator Directory,https://www.infera.bio,Infera,2,Control lab instruments with natural language.,Healthcare,2026-08-11T07:34:52.134357Z
1.0,STARTUP,Y Combinator Directory,https://mount.insure,Mount,2,The AI Agent Insurance Carrier,Fintech,2026-08-11T07:34:52.070634Z
1.0,STARTUP,Y Combinator Directory,https://www.useparrot.com/,Parrot,2,Agentic operating system for auto repair shops,B2B,2026-08-11T07:34:52.087633Z
1.0,STARTUP,Y Combinator Directory,https://result.dev/,Result,2,Where new internet entrepreneurs build and run their companies,Consumer,2026-08-11T07:34:52.311298Z
1.0,STARTUP,Y Combinator Directory,https://textsidekick.com/,Sidekick,1,AI agent that handles frontline operations over text,B2B,2026-08-11T07:34:52.143371Z
1.0,STARTUP,Y Combinator Directory,https://www.prototyping.io,Prototyping.Io,2,Autonomous manufacturing for mechanical parts,Industrials,2026-08-11T07:34:52.097729Z
1.0,STARTUP,Y Combinator Directory,https://www.lumius-imaging.com,Lumius,4,"Fast, smart, accessible 3D ultrasound that anyone can use",Healthcare,2026-08-11T07:34:52.049124Z
1.0,STARTUP,Y Combinator Directory,http://www.adialante.com,Adialante,4,Cancer screening without barriers,Healthcare,2026-08-11T07:34:52.411335Z
1.0,STARTUP,Y Combinator Directory,https://heysavant.com/,Savant,2,Company brain every AI-native enterprise runs on,B2B,2026-08-11T07:34:53.328130Z
1.0,STARTUP,Y Combinator Directory,https://keyframelabs.com,Keyframe Labs,2,Bring AI to life with the world's best interactive avatars,B2B,2026-08-11T07:34:52.459560Z
1.0,STARTUP,Y Combinator Directory,https://voquill.com/,Voquill,3,The agentic OS for medical labs,Healthcare,2026-08-11T07:34:51.997064Z
1.0,STARTUP,Y Combinator Directory,https://www.oddpool.com,Oddpool,2,Institutional infrastructure for prediction markets,B2B,2026-08-11T07:34:52.154890Z
1.0,STARTUP,Y Combinator Directory,https://ontora.com,Ontora,3,AI agents that interviews every employee to hand context to AI tools.,B2B,2026-08-11T07:34:52.112634Z
1.0,STARTUP,Y Combinator Directory,https://napkinmath.club,Napkin Math,3,AI nutrition coach in your pocket,Consumer,2026-08-11T07:34:52.243319Z
1.0,STARTUP,Y Combinator Directory,https://www.gojiberry.ai,Gojiberry Ai,7,AI Go-To-Market agents for B2B teams,B2B,2026-08-11T07:34:52.600226Z
1.0,STARTUP,Y Combinator Directory,https://lab0.ai,Lab0,3,"AI FDEs to make your B2B SaaS Go Live in Days, not Months",B2B,2026-08-11T07:34:52.246317Z
1.0,STARTUP,Y Combinator Directory,https://bentolabs.ai/,Bentolabs Ai,5,Monitoring and learning layer for long-running agents,B2B,2026-08-11T07:34:52.164140Z
1.0,STARTUP,Y Combinator Directory,https://laminalabs.ai,Lamina Labs,2,Near-real-time video infrastructure for LLMs,B2B,2026-08-11T07:34:52.425248Z
1.0,STARTUP,Y Combinator Directory,https://kimpton.ai,Kimpton Ai,5,The IDE for Investors,Fintech,2026-08-11T07:34:52.787448Z
1.0,STARTUP,Y Combinator Directory,https://stablebrowse.ai/,Stablebrowse,3,Help frontier labs build better models.,B2B,2026-08-11T07:34:52.243319Z
1.0,STARTUP,Y Combinator Directory,https://taigabilling.com,Taiga,2,Autonomous medical billing,Healthcare,2026-08-11T07:34:52.285907Z
1.0,STARTUP,Y Combinator Directory,https://pairio.com,Pairio,3,AI mobile app that helps factory technicians fix broken machines,B2B,2026-08-11T07:34:52.276876Z
1.0,STARTUP,Y Combinator Directory,https://callab.ai,Callab Ai,7,AI voice agents for on-prem telephony stack.,B2B,2026-08-11T07:34:52.268839Z
1.0,STARTUP,Y Combinator Directory,https://www.synphony.co/,Synphony,10,robots & software for farms,Industrials,2026-08-11T07:34:52.346351Z
1.0,STARTUP,Y Combinator Directory,https://dreach.ai,Dreach,2,Never miss a lead,B2B,2026-08-11T07:34:52.412310Z
1.0,STARTUP,Y Combinator Directory,https://www.argalabs.com/,Arga Labs,4,Real-world sandboxes to test agents and agent-facing software,B2B,2026-08-11T07:34:52.317266Z
1.0,STARTUP,Y Combinator Directory,https://rentahuman.ai,Rentahuman,3,Marketplace for AI agents to hire humans.,Consumer,2026-08-11T07:34:53.181260Z
1.0,STARTUP,Y Combinator Directory,https://instaagent.com,Instaagent,10,Scale marketing campaigns across hundreds of personas,B2B,2026-08-11T07:34:52.347434Z
1.0,STARTUP,Y Combinator Directory,https://www.salesgraph.com/,Salesgraph,2,Proactive revenue agents that move enterprise deals forward,B2B,2026-08-11T07:34:52.646941Z
1.0,STARTUP,Y Combinator Directory,https://www.withsherpa.ai/,Sherpa,2,Make websites improve themselves.,B2B,2026-08-11T07:34:52.700410Z
1.0,STARTUP,Y Combinator Directory,https://userlens.io,Userlens,4,Agents that renew and expand six and seven-figure enterprise software,B2B,2026-08-11T07:34:52.329326Z
1.0,STARTUP,Y Combinator Directory,https://www.transload.io,Transload,3,Measure freight with security cameras,B2B,2026-08-11T07:34:52.404246Z
1.0,STARTUP,Y Combinator Directory,https://standout.work,Standout,5,Agentic hiring marketplace,B2B,2026-08-11T07:34:54.422306Z
1.0,STARTUP,Y Combinator Directory,http://shotwell.ai/,Shotwell.Ai,4,Annotations for robotics data,Industrials,2026-08-11T07:34:54.186853Z
1.0,STARTUP,Y Combinator Directory,https://madrone.cool/,Madrone,2,Hyper-efficient coolers for data centers,Industrials,2026-08-11T07:34:54.724664Z
1.0,STARTUP,Y Combinator Directory,https://pavoot.com,Pavoot,1,AI Event Manager for in-person events,B2B,2026-08-11T07:34:54.499386Z
1.0,STARTUP,Y Combinator Directory,https://qomplement.com,Qomplement,7,The Agentic ERP for supply chain operations,B2B,2026-08-11T07:34:54.629613Z
1.0,STARTUP,Y Combinator Directory,https://deepinteractions.ai/,Deep Interactions,4,Collaborative AI app builder for teams,B2B,2026-08-11T07:34:54.727665Z
1.0,STARTUP,Y Combinator Directory,https://kelaitech.com/,Kelai,3,The AI Quant: Autonomous Alpha Engine for Funds and Traders.,Fintech,2026-08-11T07:34:54.344160Z
1.0,STARTUP,Y Combinator Directory,https://gethevn.com,"Hevn, Inc",4,Global bank account for exporters,Fintech,2026-08-11T07:34:54.482863Z
1.0,STARTUP,Y Combinator Directory,https://wealor.ai/,Wealor,1,AI-native platform for wealth managers,Fintech,2026-08-11T07:34:54.413339Z
1.0,STARTUP,Y Combinator Directory,https://www.elyrasystems.com/,Elyra,2,AI Reservation System for Restaurants,B2B,2026-08-11T07:34:54.311715Z
1.0,STARTUP,Y Combinator Directory,https://interfaze.ai,Interfaze,5,AI model built for high accuracy deterministic tasks,B2B,2026-08-11T07:34:54.284714Z
1.0,STARTUP,Y Combinator Directory,https://zolvo.com/,Zolvo,3,AI Back-Office Automation for Commercial Lenders,Fintech,2026-08-11T07:34:55.649821Z
1.0,STARTUP,Y Combinator Directory,https://junocompanion.com/,Juno,2,AI Health Assistant for Chronic Illness,Healthcare,2026-08-11T07:34:54.443399Z
1.0,STARTUP,Y Combinator Directory,https://www.kinro.com/,Kinro,3,Autonomous insurance brokerage for small businesses,Fintech,2026-08-11T07:34:55.405261Z
1.0,STARTUP,Y Combinator Directory,https://govguard.com,Govguard,1,"Automating Government Workflows, starting with FOIA",Government,2026-08-11T07:34:55.027124Z
1.0,STARTUP,Y Combinator Directory,https://superlog.sh/,Superlog,2,Make software self-healing,B2B,2026-08-11T07:34:55.484296Z
1.0,STARTUP,Y Combinator Directory,https://godhands.dev,Godhands,2,The company knowledge base that updates itself,B2B,2026-08-11T07:34:54.603615Z
1.0,STARTUP,Y Combinator Directory,https://lim.run,Limrun,1,"Extend cloud sandboxes with iOS, Android and more",B2B,2026-08-11T07:34:55.107272Z
1.0,STARTUP,Y Combinator Directory,https://lightanchor.ai,Light Anchor,2,AI-run consumer brands,Consumer,2026-08-11T07:34:54.741842Z
1.0,STARTUP,Y Combinator Directory,https://hub.xyz,Hub,10,Real-world training data for frontier AI labs and robotics.,B2B,2026-08-11T07:34:54.961040Z
1.0,STARTUP,Y Combinator Directory,https://www.tenetindustries.com,Tenet Industries,3,"Low-cost, mass-producible defense systems",Industrials,2026-08-11T07:34:54.618616Z
1.0,STARTUP,Y Combinator Directory,https://atrisa.ai,Atrisa,3,AI Agents for Analog Circuit Design,B2B,2026-08-11T07:34:55.649821Z
1.0,STARTUP,Y Combinator Directory,https://trellistech.com,Trellis,5,Agents that run short-term rental operations end-to-end,B2B,2026-08-11T07:34:55.146283Z
1.0,STARTUP,Y Combinator Directory,https://www.thecompany.company,The Company Company,1,The last agent your company will ever need.,B2B,2026-08-11T07:34:54.464548Z
1.0,STARTUP,Y Combinator Directory,https://www.getdayjob.ai,Dayjob,5,AI Scheduling for Short Haul Trucks,B2B,2026-08-11T07:34:54.894984Z
1.0,STARTUP,Y Combinator Directory,https://inloop-robotics.com/,Inloop Robotics,4,Robotic arms that pick and pack your orders.,Industrials,2026-08-11T07:34:55.033035Z
1.0,STARTUP,Y Combinator Directory,https://www.zenbu.dev/,Zenbu,1,The extensible IDE for coding agents,B2B,2026-08-11T07:34:54.937007Z
1.0,STARTUP,Y Combinator Directory,http://andustry.com/,Andustry,2,We help manufacturers find suppliers for industrial equipment.,B2B,2026-08-11T07:34:55.078270Z
1.0,STARTUP,Y Combinator Directory,https://ninefives.com/,Nine Fives,2,"RF test equipment for next-gen spacecraft, drones, and cellphones",Industrials,2026-08-11T07:34:54.431312Z
1.0,STARTUP,Y Combinator Directory,https://www.incandor.com,Incandor,1,Behavioral intelligence infrastructure for anti-fraud,B2B,2026-08-11T07:34:55.212244Z
1.0,STARTUP,Y Combinator Directory,https://www.trychert.com/,Chert,2,iMessage infrastructure for business,B2B,2026-08-11T07:34:54.337035Z
1.0,STARTUP,Y Combinator Directory,https://www.trysaffron.ai/,Saffron,3,Helping your company find 10x engineers.,B2B,2026-08-11T07:34:54.348213Z
1.0,STARTUP,Y Combinator Directory,https://discoveredmaterials.com,Discovered Materials,2,AI scientists to discover materials for the semiconductor industry.,Industrials,2026-08-11T07:34:54.602615Z
1.0,STARTUP,Y Combinator Directory,https://lightsprint.ai,Lightsprint,3,Collaborative product development with cloud agents,B2B,2026-08-11T07:34:54.511386Z
1.0,STARTUP,Y Combinator Directory,https://www.twolabs.ai,Twolabs,2,Humanoid robot platform for builders.,Industrials,2026-08-11T07:34:54.474866Z
1.0,STARTUP,Y Combinator Directory,https://tryscope.app,Scope,2,We help software companies get discovered and used by AI agents,B2B,2026-08-11T07:34:54.298801Z
1.0,STARTUP,Y Combinator Directory,https://www.hexaagents.com,Hexa,3,Autonomous operations for industrial distributors,B2B,2026-08-11T07:34:54.530384Z
1.0,STARTUP,Y Combinator Directory,https://palettelabs.com/,Palette,2,An AI-Native Media Platform,B2B,2026-08-11T07:34:54.423306Z
1.0,STARTUP,Y Combinator Directory,http://rudus.ai/,Rudus,2,AI Takeoffs for Concrete,Real Estate and Construction,2026-08-11T07:34:55.063265Z
1.0,STARTUP,Y Combinator Directory,https://tryreplicas.com,Replicate,2,Run any coding agent harness in the cloud,B2B,2026-08-11T07:34:54.310716Z
1.0,STARTUP,Y Combinator Directory,https://www.totalis.trade,Totalis,1,derivative layer for prediction markets,Fintech,2026-08-11T07:34:54.602615Z
1.0,STARTUP,Y Combinator Directory,https://withai.co,Withai,3,Agent harnesses for asset managers,B2B,2026-08-11T07:34:54.609622Z
1.0,STARTUP,Y Combinator Directory,https://osmaura.com,Osmaura,2,AI growth engine for law firms.,B2B,2026-08-11T07:34:54.427303Z
1.0,STARTUP,Y Combinator Directory,https://www.instancelabs.ai/,Instance,2,Automated evals for robot policies,B2B,2026-08-11T07:34:55.250283Z
1.0,STARTUP,Y Combinator Directory,https://www.illumelabs.ai,Illume Labs,3,24/7 Personal Health & Longevity Companion,Healthcare,2026-08-11T07:34:54.325712Z
1.0,STARTUP,Y Combinator Directory,https://www.trymemoir.ai/,Memoir,2,Marketing campaigns from everything your team ships,B2B,2026-08-11T07:34:54.412338Z
1.0,STARTUP,Y Combinator Directory,https://perfectbit.ai,"Perfectbit, Inc.",2,Correct by construction AI training data,B2B,2026-08-11T07:34:54.864984Z
1.0,STARTUP,Y Combinator Directory,https://www.stagereview.app/,Stage,2,Code review platform for humans and agents,B2B,2026-08-11T07:34:55.184660Z
1.0,STARTUP,Y Combinator Directory,https://standardsignal.com,Standard Signal,1,Hedge fund where AI researches and executes every trade end-to-end,Fintech,2026-08-11T07:34:54.356369Z
1.0,STARTUP,Y Combinator Directory,https://primitive.dev,Primitive,4,communication for agents,B2B,2026-08-11T07:34:54.544434Z
1.0,STARTUP,Y Combinator Directory,https://afterfive.club/,Afterfive,3,Life starts after five.,B2B,2026-08-11T07:34:54.609622Z
1.0,STARTUP,Y Combinator Directory,https://www.klarify.ca/,Klarify,4,AI Agent for Therapists,Healthcare,2026-08-11T07:34:54.444947Z
1.0,STARTUP,Y Combinator Directory,https://surtrdefense.com,Surtr Defense Systems,2,The hardware-agnostic operating system for drone defense,Industrials,2026-08-11T07:34:54.567505Z
1.0,STARTUP,Y Combinator Directory,https://www.hedgespecialty.com/,Hedge,2,AI-Native insurance company,Fintech,2026-08-11T07:34:54.416755Z
1.0,STARTUP,Y Combinator Directory,https://trycardinal.com,Cardinal,1,Revenue Agents for GTM teams,B2B,2026-08-11T07:34:54.706604Z
1.0,STARTUP,Y Combinator Directory,https://wideframe.com,Wideframe,2,AI coworker for video editors to ship more video faster,B2B,2026-08-11T07:34:54.777121Z
1.0,STARTUP,Y Combinator Directory,https://martini.film,Martini,2,AI Video Production for Professionals,B2B,2026-08-11T07:34:54.709523Z
1.0,STARTUP,Y Combinator Directory,https://litmushiring.com/,Litmus,3,Run an async work trial on every engineer you interview.,B2B,2026-08-11T07:34:54.419306Z
1.0,STARTUP,Y Combinator Directory,https://www.condor.energy,Condor Energy,3,Software for enterprise energy procurement.,Industrials,2026-08-11T07:34:54.188853Z
1.0,STARTUP,Y Combinator Directory,https://remix.re,Remix,1,Social media content auto-generated with your existing data,Consumer,2026-08-11T07:34:55.930649Z
1.0,STARTUP,Y Combinator Directory,https://openvector.com,Openvector,4,AI that turns any camera to an autonomous worker with real-time vision,B2B,2026-08-11T07:34:54.529385Z
1.0,STARTUP,Y Combinator Directory,https://shofo.ai/,Shofo,4,The World's Largest Video Library,B2B,2026-08-11T07:34:54.867257Z
1.0,STARTUP,Y Combinator Directory,https://wayco.ai,Wayco,5,AI operator for medlegal cases,B2B,2026-08-11T07:34:54.605614Z
1.0,STARTUP,Y Combinator Directory,https://www.ae-dyn.com/,"Applied Electrodynamics, Inc.",5,A new kind of camera that can see through walls.,Industrials,2026-08-11T07:34:54.637614Z
1.0,STARTUP,Y Combinator Directory,https://unifold.io,Unifold,3,Multi-chain deposit and payment infrastructure,Fintech,2026-08-11T07:34:55.488296Z
1.0,STARTUP,Y Combinator Directory,https://superpenguin.ai/,Carrot Labs,2,AI Cost Management: Track and attribute AI spend across every provider,B2B,2026-08-11T07:34:54.864078Z
1.0,STARTUP,Y Combinator Directory,https://dispatch.space/,Dispatch,2,Satellites for Manufacturing in Space,Industrials,2026-08-11T07:34:55.354628Z
1.0,STARTUP,Y Combinator Directory,https://trybloom.ai,Bloom,3,The brand layer for agents.,B2B,2026-08-11T07:34:55.224332Z
1.0,STARTUP,Y Combinator Directory,https://aurorincad.com,Aurorin Cad,1,Claude code for Mechanical Engineers,B2B,2026-08-11T07:34:55.140278Z
1.0,STARTUP,Y Combinator Directory,https://fixture.app,Fixture,5,An AI-first CRM built for Startups,B2B,2026-08-11T07:34:55.077272Z
1.0,STARTUP,Y Combinator Directory,https://www.daivin.tech/,Daivin!,1,"Tankless Dive Gear - Breath Autonomy at Sea, Land & Space",Industrials,2026-08-11T07:34:54.867257Z
1.0,STARTUP,Y Combinator Directory,https://www.origami-robotics.com,Origami Robotics,5,Manipulate Anything Robot,Industrials,2026-08-11T07:34:54.707604Z
1.0,STARTUP,Y Combinator Directory,https://www.ossus.com,Ossus,3,Intelligence for cultural institutions,B2B,2026-08-11T07:34:54.874947Z
1.0,STARTUP,Y Combinator Directory,https://regbase.com,Regbase,3,"Automating Corporate Compliance, Worldwide",B2B,2026-08-11T07:34:55.310537Z
1.0,STARTUP,Y Combinator Directory,https://www.zymbly.com,Zymbly,3,Automates admin for aircraft mechanics,B2B,2026-08-11T07:34:54.867257Z
1.0,STARTUP,Y Combinator Directory,https://www.ritivel.com,Ritivel,3,AI-native platform for Life-Sciences Documentation,Healthcare,2026-08-11T07:34:54.731667Z
1.0,STARTUP,Y Combinator Directory,https://usepolymorph.com/,Polymorph,4,Building secure polymorphic apps,B2B,2026-08-11T07:34:55.721305Z
1.0,STARTUP,Y Combinator Directory,https://www.khotan.com/,Khotan (Formerly Pollinate),2,AI Agents for the supply chain.,B2B,2026-08-11T07:34:54.917959Z
1.0,STARTUP,Y Combinator Directory,https://www.spotpay.ai/,Spotpay,2,Stablecoin Global Bank Account,Fintech,2026-08-11T07:34:54.714518Z
1.0,STARTUP,Y Combinator Directory,https://pothlabs.com,Poth Labs,2,Helping companies understand why users behave the way they do,B2B,2026-08-11T07:34:55.660356Z
1.0,STARTUP,Y Combinator Directory,https://voygr.tech,Voygr,1,Real-world place intelligence for AI apps and agents,B2B,2026-08-11T07:34:54.792211Z
1.0,STARTUP,Y Combinator Directory,https://www.mochacare.com/,Mochacare,2,Agentic Management Service for Care Organizations,B2B,2026-08-11T07:34:54.885998Z
1.0,STARTUP,Y Combinator Directory,https://cova.care/,Cova,2,AI-Native Home Care Agency,Healthcare,2026-08-11T07:34:54.862977Z
1.0,STARTUP,Y Combinator Directory,https://tryvela.ai,Vela,2,AI Recruiting Coordinator for Executive Search,B2B,2026-08-11T07:34:55.696419Z
1.0,STARTUP,Y Combinator Directory,https://supafax.com,Supafax,2,AI assistant for your email and calendar,B2B,2026-08-11T07:34:55.315534Z
1.0,STARTUP,Y Combinator Directory,https://www.controlseat.com,Control Seat,2,Control and Monitoring of Industrial Operations,Industrials,2026-08-11T07:34:55.480295Z
1.0,STARTUP,Y Combinator Directory,https://www.copperlane.ai,Copperlane,2,Agentic Mortgage Origination,Fintech,2026-08-11T07:34:55.801481Z
1.0,STARTUP,Y Combinator Directory,https://tsenta.com,Tsenta,2,We match you with jobs and apply automatically,Consumer,2026-08-11T07:34:55.047518Z
1.0,STARTUP,Y Combinator Directory,https://www.atlia.com,Atlia,2,We are the AI-native property management company,Real Estate and Construction,2026-08-11T07:34:54.910036Z
1.0,STARTUP,Y Combinator Directory,https://www.runcanary.ai,Canary,2,The first AI QA engineer that understands your code,B2B,2026-08-11T07:34:55.129353Z
1.0,STARTUP,Y Combinator Directory,https://usegrade.com,Grade,2,API for performance-based payroll,Fintech,2026-08-11T07:34:54.968117Z
1.0,STARTUP,Y Combinator Directory,https://silahq.com,Sila,2,Agent-Native Messaging Platform,B2B,2026-08-11T07:34:55.931653Z
1.0,STARTUP,Y Combinator Directory,https://trymaven.com,Maven,2,Payments Infrastructure for Voice Agents,B2B,2026-08-11T07:34:55.033035Z
1.0,STARTUP,Y Combinator Directory,https://moda.dev,Modal,6,The continual learning layer for AI agents.,B2B,2026-08-11T07:34:55.065282Z
1.0,STARTUP,Y Combinator Directory,https://thetokencompany.com,The Token Company,2,Compression middleware that improves LLM outputs,B2B,2026-08-11T07:34:55.034035Z
1.0,STARTUP,Y Combinator Directory,https://beesafe.ai/,Beesafe Ai,3,Frontier AI Defenses for Social Engineering Attacks,B2B,2026-08-11T07:34:55.085272Z
1.0,STARTUP,Y Combinator Directory,https://www.fed10.ai,Fed10,3,AI Agents for Government Affairs,B2B,2026-08-11T07:34:54.959044Z
1.0,STARTUP,Y Combinator Directory,https://inth.com,Inth,3,Enterprise privacy governance for companies that ship fast,B2B,2026-08-11T07:34:55.144285Z
1.0,STARTUP,Y Combinator Directory,https://squid.energy,Squid,3,AI agents for power grid planning  🦑,Industrials,2026-08-11T07:34:55.536075Z
1.0,STARTUP,Y Combinator Directory,https://www.usecrow.ai/,Crow,2,Y Combinator Startup,B2B,2026-08-11T07:34:55.113361Z
1.0,STARTUP,Y Combinator Directory,https://foreman.co,Foreman,2,"Keeping contractors on the job site, not behind a desk.",Real Estate and Construction,2026-08-11T07:34:56.263230Z
1.0,STARTUP,Y Combinator Directory,https://bookoapp.com,Booko,2,Dynamically pricing the whole economy.,B2B,2026-08-11T07:34:55.322534Z
1.0,STARTUP,Y Combinator Directory,https://www.corelayer.com,Corelayer,3,AI production engineer for regulated industries,B2B,2026-08-11T07:34:55.322534Z
1.0,STARTUP,Y Combinator Directory,https://general.legal,General Legal,25,Elite AI law firm for high growth companies,B2B,2026-08-11T07:34:55.105271Z
1.0,STARTUP,Y Combinator Directory,https://fort.cx,Fort,4,Strength Tracking Wearable,Consumer,2026-08-11T07:34:55.198240Z
1.0,STARTUP,Y Combinator Directory,https://getbalance.ai,Balance,4,Full-Stack AI Accounting,B2B,2026-08-11T07:34:55.345632Z
1.0,STARTUP,Y Combinator Directory,https://goekpa.com/,Ekpa,2,Building Autonomous Research Agents for Trading,Fintech,2026-08-11T07:34:55.416127Z
1.0,STARTUP,Y Combinator Directory,https://chasi.ai/,Chasi,2,AI Revenue Engine for the Equipment Industry,B2B,2026-08-11T07:34:55.360272Z
1.0,STARTUP,Y Combinator Directory,https://o11.ai,O11,2,Bespoke AI For Financial Firms,B2B,2026-08-11T07:34:55.647723Z
1.0,STARTUP,Y Combinator Directory,https://doomersion.com/,Doomersion,4,Doomscroll to learn languages,Consumer,2026-08-11T07:34:55.319534Z
1.0,STARTUP,Y Combinator Directory,https://sequencemkts.com/,Sequence Markets,5,"Low-latency execution across crypto, prediction, and tokenized assets",Fintech,2026-08-11T07:34:55.408594Z
1.0,STARTUP,Y Combinator Directory,https://www.librabots.com/,Libra Robotics,1,Autonomous robots for solar farm construction,Industrials,2026-08-11T07:34:55.312533Z
1.0,STARTUP,Y Combinator Directory,https://www.dittobio.com/,Ditto Biosciences,3,Evolutionary intelligence for autoimmune disease,Healthcare,2026-08-11T07:34:55.319534Z
1.0,STARTUP,Y Combinator Directory,https://servo7.com,Servo7,3,Container unloading robots for warehouses,Industrials,2026-08-11T07:34:55.649821Z
1.0,STARTUP,Y Combinator Directory,https://www.datoric.com,Datoric,2,Security-first training data,B2B,2026-08-11T07:34:55.338629Z
1.0,STARTUP,Y Combinator Directory,https://www.superset.sh/,Superset,3,Building the platform for software factories,B2B,2026-08-11T07:34:56.099355Z
1.0,STARTUP,Y Combinator Directory,https://netter.ai,Netter,4,AI native Palantir for mid market.,B2B,2026-08-11T07:34:56.021258Z
1.0,STARTUP,Y Combinator Directory,https://voxelenergy.com/,Voxel Energy,3,Energy independent data centers with solar and repurposed batteries.,Industrials,2026-08-11T07:34:55.792482Z
1.0,STARTUP,Y Combinator Directory,https://polymathlabs.ai/,Polymath,6,Simulation environments to train & evaluate long-horizon AI agents,B2B,2026-08-11T07:34:55.341569Z
1.0,STARTUP,Y Combinator Directory,https://www.archal.ai/,Archal,2,The improvement loop for AI agents,B2B,2026-08-11T07:34:56.310917Z
1.0,STARTUP,Y Combinator Directory,https://bubblelab.ai/,Bubble Lab,2,Operating system for premium professional communities,B2B,2026-08-11T07:34:55.484296Z
1.0,STARTUP,Y Combinator Directory,https://heypocket.com/now,Pocket,15,Take Notes in the Real World,Consumer,2026-08-11T07:34:55.845576Z
1.0,STARTUP,Y Combinator Directory,https://byteport.com/,Byteport,4,Global upload acceleration for 1GB-100TB files.,B2B,2026-08-11T07:34:55.492301Z
1.0,STARTUP,Y Combinator Directory,https://constellation.space/,Constellation Space,4,AI operating system for mega-scale satellite networks.,B2B,2026-08-11T07:34:56.357726Z
1.0,STARTUP,Y Combinator Directory,https://www.sazabi.com/,Sazabi,10,The AI-native observability platform for fast-moving engineering teams,B2B,2026-08-11T07:34:55.772779Z
1.0,STARTUP,Y Combinator Directory,https://mendral.com/,Mendral,2,AI DevOps Engineer,B2B,2026-08-11T07:34:55.653723Z
1.0,STARTUP,Y Combinator Directory,https://axionorbital.space/,Axionorbital Space,2,Foundation models for 24/7 Earth Observation,Industrials,2026-08-11T07:34:55.505300Z
1.0,STARTUP,Y Combinator Directory,https://oximy.com,Oximy,8,Take command of the AI your company already runs on.,B2B,2026-08-11T07:34:55.969778Z
1.0,STARTUP,Y Combinator Directory,https://www.caretta.so,Caretta,4,Realtime AI for Sales Calls,B2B,2026-08-11T07:34:55.486297Z
1.0,STARTUP,Y Combinator Directory,https://samora.ai/,Samora Ai,8,Multilingual voice agents that outperform humans,B2B,2026-08-11T07:34:55.714263Z
1.0,STARTUP,Y Combinator Directory,https://www.humanarchive.ai/,Human Archive,10,Physical AI data lab,Industrials,2026-08-11T07:34:55.478296Z
1.0,STARTUP,Y Combinator Directory,https://www.forum.market/,Forum,2,The first exchange to trade on attention.,Fintech,2026-08-11T07:34:55.477294Z
1.0,STARTUP,Y Combinator Directory,https://sitefire.ai,Sitefire,2,Marketing suite for the agentic web,B2B,2026-08-11T07:34:55.640715Z
1.0,STARTUP,Y Combinator Directory,https://tryrobby.com,Robby,3,AI agents that grow revenue for home services businesses,B2B,2026-08-11T07:34:57.053865Z
1.0,STARTUP,Y Combinator Directory,https://ressl.ai,Ressl Ai,3,"Train, eval and build autonomous agents",B2B,2026-08-11T07:34:55.954875Z
1.0,STARTUP,Y Combinator Directory,https://emdash.com,Emdash,2,Open-source Agentic Development Environment,B2B,2026-08-11T07:34:55.552112Z
1.0,STARTUP,Y Combinator Directory,https://www.inventoryquant.com,Inventoryquant,1,We automate the inventory process in insurance,B2B,2026-08-11T07:34:55.748778Z
1.0,STARTUP,Y Combinator Directory,https://congruent.io,Congruent,2,AI native radars for self-driving cars,Industrials,2026-08-11T07:34:55.744716Z
1.0,STARTUP,Y Combinator Directory,http://usereframe.ai,Reframe,1,"AI-native, hardware procurement marketplace",B2B,2026-08-11T07:34:56.406949Z
1.0,STARTUP,Y Combinator Directory,https://valence.trade,Valence,3,Unified prediction markets trading platform,Fintech,2026-08-11T07:34:55.676149Z
1.0,STARTUP,Y Combinator Directory,https://9mothers.com,9 Mothers,19,Counter Drone Systems. $1.6m sales. We delivered for the DoW.,Industrials,2026-08-11T07:34:55.644722Z
1.0,STARTUP,Y Combinator Directory,https://approxima.ai,Approxima,2,Your software should build itself.,B2B,2026-08-11T07:34:55.738258Z
1.0,STARTUP,Y Combinator Directory,https://www.traverse.so,Traverse,1,Research lab solving non-verifiable work,B2B,2026-08-11T07:34:55.685155Z
1.0,STARTUP,Y Combinator Directory,https://revion.inc,Revion,10,Intelligence for Automotive Operations,B2B,2026-08-11T07:34:56.455930Z
1.0,STARTUP,Y Combinator Directory,https://maywoodai.com/,Maywood,5,The first finance-compliant proactive AI that runs 24/7,Fintech,2026-08-11T07:34:56.888324Z
1.0,STARTUP,Y Combinator Directory,https://fenrock.ai/,Fenrock Ai,2,AI agents for banks,Fintech,2026-08-11T07:34:56.256652Z
1.0,STARTUP,Y Combinator Directory,https://endclose.com,End Close,2,AI powered reconciliation for high-volume payments companies,B2B,2026-08-11T07:34:56.263230Z
1.0,STARTUP,Y Combinator Directory,https://www.usechamber.io,Chamber,4,The AIOps Agent for ML Teams,B2B,2026-08-11T07:34:55.762776Z
1.0,STARTUP,Y Combinator Directory,https://www.assemble.ai/,Assemble,4,Agents for Enterprise IT,B2B,2026-08-11T07:34:55.757777Z
1.0,STARTUP,Y Combinator Directory,https://patientdesk.ai/,Patientdesk.Ai,5,AI front & back office agent for dental practices,Healthcare,2026-08-11T07:34:56.155856Z
1.0,STARTUP,Y Combinator Directory,https://visiblsemi.com,Visibl Semiconductors,2,"A faster, lower cost path to custom silicon",B2B,2026-08-11T07:34:56.880436Z
1.0,STARTUP,Y Combinator Directory,https://syntheticsciences.ai/,Synthetic Sciences,2,Foundation Models for Scientific Research,B2B,2026-08-11T07:34:55.748778Z
1.0,STARTUP,Y Combinator Directory,https://www.seeing-systems.com,Seeing Systems,2,Modular AI-Commanded Drones for Defence,Industrials,2026-08-11T07:34:55.669031Z
1.0,STARTUP,Y Combinator Directory,https://jinba.io,Jinba,2,Automate enterprise workflows through chat,B2B,2026-08-11T07:34:56.179420Z
1.0,STARTUP,Y Combinator Directory,https://usecardboard.com,Cardboard,5,Agentic video editor,B2B,2026-08-11T07:34:56.278223Z
1.0,STARTUP,Y Combinator Directory,https://pranadoc.com,Prana,4,An AI primary care doctor in your pocket,Healthcare,2026-08-11T07:34:56.415894Z
1.0,STARTUP,Y Combinator Directory,https://rhizomeai.com/,Rhizome Ai,1,Agent Platform for Life Sciences,B2B,2026-08-11T07:34:56.009596Z
1.0,STARTUP,Y Combinator Directory,https://www.paxhistoria.co,Pax Historia,3,The first AI-powered grand strategy platform,Consumer,2026-08-11T07:34:56.100354Z
1.0,STARTUP,Y Combinator Directory,https://parameter.ai?utm_source=ycombinator&utm_medium=referral&utm_campaign=parameter-profile,Parameter (Fka Hex Security),10,Agentic Offensive Security at Scale,B2B,2026-08-11T07:34:56.420901Z
1.0,STARTUP,Y Combinator Directory,https://laurence.com,Laurence,2,Hedge fund for ads,B2B,2026-08-11T07:34:56.703872Z
1.0,STARTUP,Y Combinator Directory,https://www.terminaluse.com/,Terminal Use,4,Digital twins for data center construction,Real Estate and Construction,2026-08-11T07:34:55.987823Z
1.0,STARTUP,Y Combinator Directory,https://overshoot.ai,Overshoot,5,AI Infra for real-time vision applications,B2B,2026-08-11T07:34:56.443967Z
1.0,STARTUP,Y Combinator Directory,https://caj.al/,Cajal,2,Scaling formal verification to accelerate scientific discovery,B2B,2026-08-11T07:34:55.975780Z
1.0,STARTUP,Y Combinator Directory,https://proximitty.ai,Proximitty,2,AI operating system for commercial loans,Fintech,2026-08-11T07:34:56.541197Z
1.0,STARTUP,Y Combinator Directory,https://instinct.xyz,Instinct,5,Trade your instinct,Fintech,2026-08-11T07:34:56.544196Z
1.0,STARTUP,Y Combinator Directory,https://stilta.com,Stilta,4,Agentic AI for intellectual property,B2B,2026-08-11T07:34:55.982876Z
1.0,STARTUP,Y Combinator Directory,https://www.unisson.ai,Unisson,2,AI agents that automate B2B software implementation,B2B,2026-08-11T07:34:55.993978Z
1.0,STARTUP,Y Combinator Directory,https://incidentfox.ai,Incidentfox,2,"AI SRE agent that triages, coordinates, and fixes production incidents",B2B,2026-08-11T07:34:56.192990Z
1.0,STARTUP,Y Combinator Directory,https://compresr.ai,Compresr,4,LLM context compression for better accuracy,B2B,2026-08-11T07:34:57.384986Z
1.0,STARTUP,Y Combinator Directory,http://opalitehealth.com/,Opalite Health,3,Helping Healthcare Providers Speak Any Language,Healthcare,2026-08-11T07:34:56.126892Z
1.0,STARTUP,Y Combinator Directory,https://confluence.sh,Confluence Labs,2,AI models that learn from experience,B2B,2026-08-11T07:34:56.466172Z
1.0,STARTUP,Y Combinator Directory,https://rapidfolio.com/,Rapidfolio,1,AI for fintechs & banks,B2B,2026-08-11T07:34:56.037300Z
1.0,STARTUP,Y Combinator Directory,https://mangomedical.io,Mango Medical,3,Foundation models for planning orthopedic surgery,Healthcare,2026-08-11T07:34:56.476167Z
1.0,STARTUP,Y Combinator Directory,https://paysponge.com/,Sponge,3,Financial infrastructure for the agent economy,B2B,2026-08-11T07:34:56.146780Z
1.0,STARTUP,Y Combinator Directory,https://terranox.ai,Terranox Ai,2,The first AI-powered uranium discovery company,Industrials,2026-08-11T07:34:56.764048Z
1.0,STARTUP,Y Combinator Directory,https://www.drafted.ai/,Drafted,9,Design your home instantly with AI,Consumer,2026-08-11T07:34:58.123959Z
1.0,STARTUP,Y Combinator Directory,https://www.ventura.ai,Ventura,2,AI Workforce for Distributors and Manufacturers,Industrials,2026-08-11T07:34:58.324704Z
1.0,STARTUP,Y Combinator Directory,https://orthogonal.com,Orthogonal,2,Agentic Payments for APIs,B2B,2026-08-11T07:34:56.460436Z
1.0,STARTUP,Y Combinator Directory,https://www.perfectly.so/,Perfectly,4,The AI-native Recruiting OS,B2B,2026-08-11T07:34:56.105354Z
1.0,STARTUP,Y Combinator Directory,https://fern.bot,Fern,2,RL environments for robotics companies,B2B,2026-08-11T07:34:56.452929Z
1.0,STARTUP,Y Combinator Directory,https://sparkles.dev,Sparkles,1,Make everyone on your team an engineer,B2B,2026-08-11T07:34:56.106399Z
1.0,STARTUP,Y Combinator Directory,https://www.eigenpal.com/,Eigenpal,1,AI Document Workflows for Enterprises,B2B,2026-08-11T07:34:56.120779Z
1.0,STARTUP,Y Combinator Directory,https://www.usesalus.ai/,Salus,2,Guardrails to validate your agent's actions before they execute,B2B,2026-08-11T07:34:56.143779Z
1.0,STARTUP,Y Combinator Directory,http://moritzlegal.com/,Moritz,10,Global AI-native law firm handling legal work with same-day turnaround,B2B,2026-08-11T07:34:56.755297Z
1.0,STARTUP,Y Combinator Directory,https://ramain.ai,Ramain,4,Automate any UI task with natural language,B2B,2026-08-11T07:34:56.798997Z
1.0,STARTUP,Y Combinator Directory,https://milliray.com/,Milliray,3,Technology to detect and track small drones,Industrials,2026-08-11T07:34:56.398894Z
1.0,STARTUP,Y Combinator Directory,https://www.beyondreachlabs.com,Beyond Reach Labs,5,Space solar arrays that grow to the size of a football field in orbit,Industrials,2026-08-11T07:34:56.253653Z
1.0,STARTUP,Y Combinator Directory,https://www.tryoctapulse.com/,Octapulse,2,CV and robotics to automate quality inspection in fish farms,Industrials,2026-08-11T07:34:56.263230Z
1.0,STARTUP,Y Combinator Directory,https://codewisp.ai/,Codewisp,3,Anyone can create real games with AI,Consumer,2026-08-11T07:34:56.632685Z
1.0,STARTUP,Y Combinator Directory,https://ashr.io,Ashr,2,Automated Multi-Modal Testing for Agents,B2B,2026-08-11T07:34:56.256652Z
1.0,STARTUP,Y Combinator Directory,https://aemon.ai/,Aemon,3,The Forward-Deployed AI Research Engineer,B2B,2026-08-11T07:34:56.312917Z
1.0,STARTUP,Y Combinator Directory,https://luel.ai,Luel,12,Turning everyday words and actions into usable training data.,B2B,2026-08-11T07:34:56.589471Z
1.0,STARTUP,Y Combinator Directory,https://www.schedulingwiz.com,Scheduling Wizard,3,Logistics infrastructure to modernize healthcare operations,Healthcare,2026-08-11T07:34:56.257652Z
1.0,STARTUP,Y Combinator Directory,https://www.robodock.tech/,Robodock,3,Robots that run autonomous depots for autonomous fleets.,Industrials,2026-08-11T07:34:56.871178Z
1.0,STARTUP,Y Combinator Directory,https://skillsync.com,Skillsync,2,Github for agent sessions,B2B,2026-08-11T07:34:56.569426Z
1.0,STARTUP,Y Combinator Directory,https://www.mousecat.ai,Mousecat,6,AI-powered fraud investigations,B2B,2026-08-11T07:34:56.353144Z
1.0,STARTUP,Y Combinator Directory,https://www.zatanna.ai/,Zatanna,2,Turning all software into agent-first APIs,B2B,2026-08-11T07:34:56.326911Z
1.0,STARTUP,Y Combinator Directory,https://autositu.com/,Autositu,2,AI-native workspace for development plan reviews,B2B,2026-08-11T07:34:56.878436Z
1.0,STARTUP,Y Combinator Directory,https://www.verdexai.com/,Verdex,2,AI Verification for Insurance,Fintech,2026-08-11T07:34:56.387250Z
1.0,STARTUP,Y Combinator Directory,https://cumuluslabs.io,Cumulus Labs,2,The Fastest Multimodal Inference OS,B2B,2026-08-11T07:34:56.335912Z
1.0,STARTUP,Y Combinator Directory,https://tepali.com,Tepali,2,AI operating system for modern medspas,B2B,2026-08-11T07:34:57.392989Z
1.0,STARTUP,Y Combinator Directory,https://palus.finance,Palus Finance,2,Your startup's financial advisor,Fintech,2026-08-11T07:34:56.713739Z
1.0,STARTUP,Y Combinator Directory,https://21st.dev,21St,3,UI building blocks for the agentic internet,B2B,2026-08-11T07:34:56.766093Z
1.0,STARTUP,Y Combinator Directory,https://avoice.co/,Avoice,4,Harvey for Architecture,B2B,2026-08-11T07:34:56.709742Z
1.0,STARTUP,Y Combinator Directory,https://zerosettle.io,Zerosettle,2,Drop-in Direct Billing SDK for In-App Purchases,Fintech,2026-08-11T07:34:56.377740Z
1.0,STARTUP,Y Combinator Directory,https://dev.fast,/Dev/Fast,4,/dev/fast is the AI-native code forge,B2B,2026-08-11T07:34:57.042352Z
1.0,STARTUP,Y Combinator Directory,https://cignara.com/,Cignara,4,AI Customer Support for Fortune 500-scale enterprises,B2B,2026-08-11T07:34:56.478169Z
1.0,STARTUP,Y Combinator Directory,http://openspec.dev,Openspec,1,Plan mode for complex features,B2B,2026-08-11T07:34:56.871178Z
1.0,STARTUP,Y Combinator Directory,https://pirislabs.io/,Piris Labs,8,The Networking Layer of AI,B2B,2026-08-11T07:34:56.454926Z
1.0,STARTUP,Y Combinator Directory,https://www.celltype.com,Celltype,2,The agentic drug company. We simulate human biology.,Healthcare,2026-08-11T07:34:56.541197Z
1.0,STARTUP,Y Combinator Directory,https://www.burthq.com/,Burt,2,AI teammates for logistics,B2B,2026-08-11T07:34:56.486168Z
1.0,STARTUP,Y Combinator Directory,https://envariant.ai/,Envariant,1,Interpretability and reasoning infra for foundation models.,B2B,2026-08-11T07:34:56.618606Z
1.0,STARTUP,Y Combinator Directory,https://www.beaconhealth.ai/,Beacon Health,2,AI Employees for Primary Care,Healthcare,2026-08-11T07:34:56.554908Z
1.0,STARTUP,Y Combinator Directory,https://strandai.com,Strand Ai,2,Multimodal foundation models to predict uncollected patient biology,Healthcare,2026-08-11T07:34:56.620605Z
1.0,STARTUP,Y Combinator Directory,https://protent.ai,Protent,2,Real time intelligence for law enforcement & security teams.,B2B,2026-08-11T07:34:56.963910Z
1.0,STARTUP,Y Combinator Directory,https://cofia.ai,Cofia,3,AI automations that implement themselves,B2B,2026-08-11T07:34:57.164339Z
1.0,STARTUP,Y Combinator Directory,https://getfuchsia.ai/,Fuchsia,3,Vanta for hardware,B2B,2026-08-11T07:34:57.914106Z
1.0,STARTUP,Y Combinator Directory,https://www.legalos.ai,Legalos,3,The AI-Native Immigration Law Firm,B2B,2026-08-11T07:34:56.548197Z
1.0,STARTUP,Y Combinator Directory,https://sentrial.com/,Sentrial,2,Datadog for Agent Reliability,B2B,2026-08-11T07:34:56.992791Z
1.0,STARTUP,Y Combinator Directory,https://10xscience.com,10X Science,4,The AI-native platform for next-generation protein characterization.,B2B,2026-08-11T07:34:56.753296Z
1.0,STARTUP,Y Combinator Directory,https://rev1.so,Rev1,2,Claude Code for Mechanical Engineers,B2B,2026-08-11T07:34:56.548197Z
1.0,STARTUP,Y Combinator Directory,https://www.shortkit.dev,Shortkit,2,Media infra for consumer apps,B2B,2026-08-11T07:34:56.774997Z
1.0,STARTUP,Y Combinator Directory,https://tryasimov.ai/,Asimov,3,Real-world human movement data for humanoid robots,Industrials,2026-08-11T07:34:56.626679Z
1.0,STARTUP,Y Combinator Directory,https://axisanalysis.com,Axis,2,An AI Copilot for Trading Desks,Fintech,2026-08-11T07:34:56.992791Z
1.0,STARTUP,Y Combinator Directory,https://meetmirabelle.com,Mirabelle,2,Your robot chef,Consumer,2026-08-11T07:34:56.720240Z
1.0,STARTUP,Y Combinator Directory,https://docurahealth.com,Docura Health,3,AI-Native Med-Legal Firm,Healthcare,2026-08-11T07:34:56.648691Z
1.0,STARTUP,Y Combinator Directory,https://www.lance.live,Lance,10,AI Agents That Run Hotel Operations.,B2B,2026-08-11T07:34:56.978126Z
1.0,STARTUP,Y Combinator Directory,https://www.runanywhere.ai/,Runanywhere,5,The default way of running on-device AI at Scale,B2B,2026-08-11T07:34:57.086456Z
1.0,STARTUP,Y Combinator Directory,https://lucenthq.com,Lucent,2,AI that automatically improves products from user behavior,B2B,2026-08-11T07:34:56.707728Z
1.0,STARTUP,Y Combinator Directory,https://www.getprescience.com/,"Prescience, Inc.",2,Healthcare for the age of abundant intelligence.,Healthcare,2026-08-11T07:34:56.726250Z
1.0,STARTUP,Y Combinator Directory,https://rumacare.com,Ruma Care,2,The operations stack for biologic infusion clinics,Healthcare,2026-08-11T07:34:56.745297Z
1.0,STARTUP,Y Combinator Directory,https://klausai.com,Klaus Ai,2,Fast and Safe OpenClaw on the cloud,B2B,2026-08-11T07:34:57.218318Z
1.0,STARTUP,Y Combinator Directory,https://www.kita.ai/,Kita,3,Automate credit assessment for lenders in emerging markets,Fintech,2026-08-11T07:34:56.784000Z
1.0,STARTUP,Y Combinator Directory,https://syntropy.io,Syntropy,2,The agentic coding app for complex tasks.,B2B,2026-08-11T07:34:56.883869Z
1.0,STARTUP,Y Combinator Directory,https://www.onerobot.io/,One Robot,2,World models for robot evals and training.,Industrials,2026-08-11T07:34:56.802997Z
1.0,STARTUP,Y Combinator Directory,https://didit.me/,Didit,16,Infrastructure for identity and fraud.,B2B,2026-08-11T07:34:56.707728Z
1.0,STARTUP,Y Combinator Directory,https://pantainsure.com,Panta,3,AI Native Commercial Insurance Brokerage,Fintech,2026-08-11T07:34:56.947932Z
1.0,STARTUP,Y Combinator Directory,https://imperfect.co,Imperfect,4,"Adaptive training coach for runners, cyclists, and triathletes",Consumer,2026-08-11T07:34:57.190964Z
1.0,STARTUP,Y Combinator Directory,https://trytrust.ai,Trustai,3,Continuous compliance and governance for agents on sensitive systems,B2B,2026-08-11T07:34:56.794998Z
1.0,STARTUP,Y Combinator Directory,https://payna.com/,Payna,2,AI Licensing Agent for Regulated Industries,B2B,2026-08-11T07:34:56.880436Z
1.0,STARTUP,Y Combinator Directory,https://origin.bio/,Origin,4,AI and Data for Cancer Therapeutics,Healthcare,2026-08-11T07:34:56.900135Z
1.0,STARTUP,Y Combinator Directory,http://askclara.com,Clara,9,AI primary care doctor,Healthcare,2026-08-11T07:34:57.008025Z
1.0,STARTUP,Y Combinator Directory,https://www.hlaboratories.com,Hlabs,1,US-Made Parts for Robots,Industrials,2026-08-11T07:34:57.403071Z
1.0,STARTUP,Y Combinator Directory,https://www.helloeos.ai/,Eos Ai,2,Autonomous OS for healthcare,Healthcare,2026-08-11T07:34:57.620560Z
1.0,STARTUP,Y Combinator Directory,https://valgo.ai,Valgo,3,Insurance risk layer for physical AI,B2B,2026-08-11T07:34:56.905494Z
1.0,STARTUP,Y Combinator Directory,https://arcprize.org/,Arc Prize Foundation,4,AI benchmarks that measure general intelligence and inspire new ideas,Industrials,2026-08-11T07:34:57.181779Z
1.0,STARTUP,Y Combinator Directory,https://corvera.ai/,Corvera,4,The context layer for AI-native CPG brands,B2B,2026-08-11T07:34:57.090454Z
1.0,STARTUP,Y Combinator Directory,https://fullseam.com,Fullseam,3,AI agents for corporate accounting teams,B2B,2026-08-11T07:34:56.888324Z
1.0,STARTUP,Y Combinator Directory,https://www.waddlelabs.ai/,Waddle Labs,2,Agents for robotics control.,Industrials,2026-08-11T07:34:56.916568Z
1.0,STARTUP,Y Combinator Directory,https://linzumi.com,Linzumi,3,Team chat to command all your company's coding agents,B2B,2026-08-11T07:34:57.099059Z
1.0,STARTUP,Y Combinator Directory,https://advancedmetalresearch.com/,Advanced Metal Research,3,Machine intelligence for American Welding,Industrials,2026-08-11T07:34:56.879441Z
1.0,STARTUP,Y Combinator Directory,https://ploy.ai,Ploy,14,Ploy turns your website into your company's growth engine.,B2B,2026-08-11T07:34:56.910576Z
1.0,STARTUP,Y Combinator Directory,https://catchbackcards.com,Catchback Cards,7,The most thrilling way to create and rip digital collectible packs,Consumer,2026-08-11T07:34:56.937817Z
1.0,STARTUP,Y Combinator Directory,https://mantisbiotech.com/,Mantis,3,Digital Twins of humans,B2B,2026-08-11T07:34:56.975126Z
1.0,STARTUP,Y Combinator Directory,https://www.haladir.com/,Haladir,4,Operational Superintelligence for Global Logistics,B2B,2026-08-11T07:34:56.954033Z
1.0,STARTUP,Y Combinator Directory,https://claimglide.com/,Claimglide,1,AI automated prior-auths for private medical practices,Healthcare,2026-08-11T07:34:57.626597Z
1.0,STARTUP,Y Combinator Directory,https://inviscidai.com/,Inviscid Ai,2,Real-time Physics Simulations for Industrial Facilities & Data Centers,Industrials,2026-08-11T07:34:56.997790Z
1.0,STARTUP,Y Combinator Directory,https://coasts.dev,Coasts,2,Localhost service isolation and orchestration for git worktrees,B2B,2026-08-11T07:34:57.795253Z
1.0,STARTUP,Y Combinator Directory,https://www.zephyrfusion.com,Zephyr Fusion,2,Powering tomorrow's industrial revolution in space,Industrials,2026-08-11T07:34:57.196965Z
1.0,STARTUP,Y Combinator Directory,https://mayflowervisa.com,Mayflower,2,AI plug-in that automates HR immigration screening and compliance,Government,2026-08-11T07:34:57.237723Z
1.0,STARTUP,Y Combinator Directory,https://ndea.com,Ndea,15,Building AGI that can innovate.,Industrials,2026-08-11T07:34:57.178779Z
1.0,STARTUP,Y Combinator Directory,https://item.app,Item,6,The AI-Native CRM that works for you,B2B,2026-08-11T07:34:57.322998Z
1.0,STARTUP,Y Combinator Directory,https://www.crosslayerlabs.com/,Crosslayer Labs,3,"Protect, monitor and defend your Internet presence",B2B,2026-08-11T07:34:57.712613Z
1.0,STARTUP,Y Combinator Directory,https://rivet.design/,Rivet,1,Visual editor to design in production code,B2B,2026-08-11T07:34:57.615675Z
1.0,STARTUP,Y Combinator Directory,https://www.openroll.com,Openroll,4,The AI workforce for People and Finance teams,B2B,2026-08-11T07:34:57.248548Z
1.0,STARTUP,Y Combinator Directory,https://www.amika.dev/,Amika,2,Infra to build your own software factory,B2B,2026-08-11T07:34:57.073001Z
1.0,STARTUP,Y Combinator Directory,https://withspecific.com,Specific Labs,2,Audio and Enterprise Human Data for AI,B2B,2026-08-11T07:34:57.056867Z
1.0,STARTUP,Y Combinator Directory,https://moss.dev,Moss,5,Real-time semantic search for Conversational AI,B2B,2026-08-11T07:34:57.354083Z
1.0,STARTUP,Y Combinator Directory,https://www.zarnaai.com/,Zarna,4,AI Associates for Private Capital,B2B,2026-08-11T07:34:57.169769Z
1.0,STARTUP,Y Combinator Directory,https://markittrade.com,Markit,2,AI Agents for Trade Compliance - Saving Companies from Tariffs,B2B,2026-08-11T07:34:57.337999Z
1.0,STARTUP,Y Combinator Directory,https://voltairlabs.com/,Voltair,5,Autonomous Drones for Earth Observation,Industrials,2026-08-11T07:34:57.241728Z
1.0,STARTUP,Y Combinator Directory,https://clickshealth.com/,Clicks Health,8,AI agents for your healthcare back-office operations.,B2B,2026-08-11T07:34:57.064521Z
1.0,STARTUP,Y Combinator Directory,https://www.fastshot.ai/,Fastshot,3,Lovable for mobile apps,B2B,2026-08-11T07:34:57.578561Z
1.0,STARTUP,Y Combinator Directory,http://shoptiques.com,Shoptiques,51,Shoptiques.com lets you shop the world's best local boutiques online.,Consumer,2026-08-11T07:34:57.320014Z
1.0,STARTUP,Y Combinator Directory,https://antigen.sh/,Antigen,5,Continuous offensive security for the enterprise.,B2B,2026-08-11T07:34:57.605646Z
1.0,STARTUP,Y Combinator Directory,https://lunabill.com/,Lunabill,4,AI Voice callers for healthcare billing teams,Healthcare,2026-08-11T07:34:57.449380Z
1.0,STARTUP,Y Combinator Directory,https://axialcompute.com,Axial,1,Accelerated Physics Kernels for Computational Engineering,Industrials,2026-08-11T07:34:57.373989Z
1.0,STARTUP,Y Combinator Directory,https://velvetlab.ai,Velvet,4,Infra and data for interactive AI.,B2B,2026-08-11T07:34:57.158168Z
1.0,STARTUP,Y Combinator Directory,https://diligencesquared.com/,Diligencesquared,3,AI-powered market due diligence for investment decisions,B2B,2026-08-11T07:34:57.578561Z
1.0,STARTUP,Y Combinator Directory,https://amerahealthsolutions.com/,Amera,12,Automating claims processing workflows for health insurance payers.,Fintech,2026-08-11T07:34:57.258476Z
1.0,STARTUP,Y Combinator Directory,https://forge-robotics.com,Forge Robotics,1,A robotics intelligence system for metal fabrication,Industrials,2026-08-11T07:34:57.886096Z
1.0,STARTUP,Y Combinator Directory,https://www.getbluma.com,Bluma,2,Canva for short-form video ads,B2B,2026-08-11T07:34:57.166341Z
1.0,STARTUP,Y Combinator Directory,https://lightberry.com,Lightberry,3,Robots with soul,Industrials,2026-08-11T07:34:57.100094Z
1.0,STARTUP,Y Combinator Directory,https://thehog.ai/,The Hog,2,Real-time web intelligence API for AI agents and GTM teams,B2B,2026-08-11T07:34:57.320997Z
1.0,STARTUP,Y Combinator Directory,https://www.layers.bio/,Layers,2,A 30 min appointment to measure everything in your body,Healthcare,2026-08-11T07:34:59.669241Z
1.0,STARTUP,Y Combinator Directory,https://useboom.ai,Boom Ai,3,AI agents that recover lost revenue through real conversations.,B2B,2026-08-11T07:34:57.470190Z
1.0,STARTUP,Y Combinator Directory,https://www.freeportmarkets.com/,Freeport Markets,3,Trade Anything,Fintech,2026-08-11T07:34:57.327997Z
1.0,STARTUP,Y Combinator Directory,https://www.rovi.health,Rovi Health,3,AI healthcare concierge for employees,Healthcare,2026-08-11T07:34:57.165340Z
1.0,STARTUP,Y Combinator Directory,https://madethis.com,Madethis,4,The autonomous business platform,B2B,2026-08-11T07:34:57.581644Z
1.0,STARTUP,Y Combinator Directory,https://generalastro.com/,General Astronautics,2,Robotics for Space R&D,Industrials,2026-08-11T07:34:57.785257Z
1.0,STARTUP,Y Combinator Directory,https://jarmin.ai/,Jarmin,5,AI Employees for human-level roles,B2B,2026-08-11T07:34:57.704797Z
1.0,STARTUP,Y Combinator Directory,https://exonic.ai,Exonic,3,Unsupervised Biological AI,Healthcare,2026-08-11T07:35:00.232595Z
1.0,STARTUP,Y Combinator Directory,https://www.uselemma.ai/,Lemma,2,Production Monitoring for AI agents,B2B,2026-08-11T07:34:59.962434Z
1.0,STARTUP,Y Combinator Directory,https://perseus.computer,Perseus,4,Applied Lab focused on Search in Latent Spaces.,B2B,2026-08-11T07:35:00.816049Z
1.0,STARTUP,Y Combinator Directory,https://www.karumi.ai/,Karumi,5,The Waymo of Personalized demos,B2B,2026-08-11T07:34:59.790670Z
1.0,STARTUP,Y Combinator Directory,https://www.icarus.one/,Icarus,50,Stratospheric birds for defense,Industrials,2026-08-11T07:34:59.914710Z
1.0,STARTUP,Y Combinator Directory,https://www.savahq.com,Sava,3,Building the future of trusts,Fintech,2026-08-11T07:34:59.807672Z
1.0,STARTUP,Y Combinator Directory,https://takecareos.com,Takecareos,1,AI-native operating system for long term care providers,B2B,2026-08-11T07:35:00.352831Z
1.0,STARTUP,Y Combinator Directory,https://denki.ai,Denki,3,The full-stack AI financial audit firm,B2B,2026-08-11T07:35:00.736790Z
1.0,STARTUP,Y Combinator Directory,https://metorial.com,Metorial,4,Agentic infrastructure to power AI-native companies.,B2B,2026-08-11T07:34:59.988001Z
1.0,STARTUP,Y Combinator Directory,https://kalpalabs.ai/,Kalpa Labs,2,Scaling Generalist Speech models,B2B,2026-08-11T07:35:00.583698Z
1.0,STARTUP,Y Combinator Directory,https://absurd.com/,Absurd,6,The Creative OS for AI video,B2B,2026-08-11T07:34:59.849481Z
1.0,STARTUP,Y Combinator Directory,https://cladlabs.ai,Clad Labs,2,the brainrot ide,Consumer,2026-08-11T07:35:00.798971Z
1.0,STARTUP,Y Combinator Directory,https://automax.ai,Automax.Ai,4,AI native real-estate appraisal firm,Real Estate and Construction,2026-08-11T07:35:01.025537Z
1.0,STARTUP,Y Combinator Directory,https://specific.dev,Specific,2,AWS for coding agents,B2B,2026-08-11T07:35:00.054129Z
1.0,STARTUP,Y Combinator Directory,https://www.startprimer.com,Primer,2,AI Product Demos,B2B,2026-08-11T07:35:00.025123Z
1.0,STARTUP,Y Combinator Directory,http://www.narrative-sports.com,Narrative,3,Video Intelligence for Sports,B2B,2026-08-11T07:35:00.330826Z
1.0,STARTUP,Y Combinator Directory,https://usecrunched.com/,Crunched,5,Excel AI analyst for Power Users,B2B,2026-08-11T07:35:00.445475Z
1.0,STARTUP,Y Combinator Directory,https://heylua.ai/,Lua Global Inc,5,The mid-market agent platform,B2B,2026-08-11T07:35:00.285210Z
1.0,STARTUP,Y Combinator Directory,https://philon.ai/,Philon,1,General Purpose Robots,B2B,2026-08-11T07:35:01.065054Z
1.0,STARTUP,Y Combinator Directory,https://www.sourcebot.dev/,Sourcebot,3,Helping humans and AI agents understand massive codebases,B2B,2026-08-11T07:35:00.011605Z
1.0,STARTUP,Y Combinator Directory,https://www.zalos.ai/,Zalos,2,"Computer Agents for Finance tasks like reconciliation, in your system!",B2B,2026-08-11T07:34:59.882109Z
1.0,STARTUP,Y Combinator Directory,https://tryprism.com/,Prism,4,AI-native recruiting agency,B2B,2026-08-11T07:34:59.845476Z
1.0,STARTUP,Y Combinator Directory,https://aside.com,Aside,5,The browser built to do real work for you,Consumer,2026-08-11T07:34:59.851476Z
1.0,STARTUP,Y Combinator Directory,https://tryscott.ai,Scott Ai,3,The planning layer for teams that build with coding agents,B2B,2026-08-11T07:35:00.546726Z
1.0,STARTUP,Y Combinator Directory,https://everestagi.com/,Everest,1,Y Combinator Startup,Consumer,2026-08-11T07:35:00.286210Z
1.0,STARTUP,Y Combinator Directory,https://www.expectedparrot.com,Expected Parrot,5,Simulate your customers with AI agents,B2B,2026-08-11T07:35:00.150691Z
1.0,STARTUP,Y Combinator Directory,https://imagineai.me,Imagine Ai,5,"We reverse engineer B2B growth, starting with LinkedIn.",B2B,2026-08-11T07:35:00.611792Z
1.0,STARTUP,Y Combinator Directory,https://www.anto.bio/,Anto Biosciences,4,A Foundation Model for Microbial Communities.,Healthcare,2026-08-11T07:35:00.499415Z
1.0,STARTUP,Y Combinator Directory,https://www.patentwatch.ai/,Patent Watch,4,AI for detecting patent infringements,B2B,2026-08-11T07:35:00.214589Z
1.0,STARTUP,Y Combinator Directory,https://s2.dev,S2.Dev,5,"API for unlimited, durable, real-time streams",B2B,2026-08-11T07:35:00.596792Z
1.0,STARTUP,Y Combinator Directory,https://tornyol.com/,Tornyol,7,We build micro-drones that kill mosquitoes.,Consumer,2026-08-11T07:34:59.806676Z
1.0,STARTUP,Y Combinator Directory,https://nucleoresearch.com/,Nucleo,2,The first Agentic platform for Oncology,Healthcare,2026-08-11T07:34:59.857475Z
1.0,STARTUP,Y Combinator Directory,https://leadbay.ai/,Leadbay,8,Qualified leads for agentic workflows.,B2B,2026-08-11T07:35:00.188381Z
1.0,STARTUP,Y Combinator Directory,https://pixleyai.com,Pixley Ai,2,The first platform where families can create AI cartoons in minutes,Consumer,2026-08-11T07:35:01.562564Z
1.0,STARTUP,Y Combinator Directory,https://cortexrobot.ai/,Cortex Ai,3,Large-scale real-world robot & human data for embodied AI,Industrials,2026-08-11T07:34:59.747996Z
1.0,STARTUP,Y Combinator Directory,https://www.solbrowser.com,Sol,2,Code and browse in the same place,B2B,2026-08-11T07:35:00.065643Z
1.0,STARTUP,Y Combinator Directory,https://thesislabs.ai,Thesis,3,Autonomous AI research,B2B,2026-08-11T07:35:00.167237Z
1.0,STARTUP,Y Combinator Directory,https://oxus-ai.com/,Oxus,3,AI-powered automation for internal audit workflows,B2B,2026-08-11T07:35:00.433788Z
1.0,STARTUP,Y Combinator Directory,http://playhealth.com,Play Health,4,Perimenopause Care Platform,Healthcare,2026-08-11T07:35:00.161713Z
1.0,STARTUP,Y Combinator Directory,https://caseyinsure.com/,Casey,5,Casey is an AI-native commercial insurance brokerage,Fintech,2026-08-11T07:35:00.207590Z
1.0,STARTUP,Y Combinator Directory,https://selfin.app,Selfin,2,Building the first AI Bank,Fintech,2026-08-11T07:35:00.207590Z
1.0,STARTUP,Y Combinator Directory,https://compyle.ai,Compyle,2,The coding agent that actually collaborates with you,B2B,2026-08-11T07:35:00.419845Z
1.0,STARTUP,Y Combinator Directory,https://getlexi.io/,Lexi,15,AI Operating System for Legal Teams,B2B,2026-08-11T07:35:00.309511Z
1.0,STARTUP,Y Combinator Directory,https://www.codyco.ai/en,Codyco,4,The AI Reservation Team for Hotel Groups,B2B,2026-08-11T07:35:00.124664Z
1.0,STARTUP,Y Combinator Directory,https://www.complydo.io/,Complydo,10,Global Compliance for Enterprises,B2B,2026-08-11T07:34:59.831486Z
1.0,STARTUP,Y Combinator Directory,https://www.bravi.app/,Bravi,2,The AI operating system powering home services businesses,B2B,2026-08-11T07:34:59.932931Z
1.0,STARTUP,Y Combinator Directory,https://finaldose.ai/,Finaldose,5,"Programmable DNA drug destroying all cancers, unlocking 80% of targets",Healthcare,2026-08-11T07:35:00.626812Z
1.0,STARTUP,Y Combinator Directory,https://sunflowersober.com/,Sunflower,15,Building the Sobriety Platform for the future of Superintelligence. 🌻,Consumer,2026-08-11T07:35:00.465417Z
1.0,STARTUP,Y Combinator Directory,https://captain.dev,Captain,2,"Accurate, high-performance retrieval for AI agents",B2B,2026-08-11T07:35:00.723788Z
1.0,STARTUP,Y Combinator Directory,https://www.redapto.com/,Redapto,2,Enterprise AI Transformation Platform,B2B,2026-08-11T07:35:00.526934Z
1.0,STARTUP,Y Combinator Directory,https://helonic.com,Helonic,2,Automatic Construction Drawing Clash Detection,Real Estate and Construction,2026-08-11T07:35:00.125664Z
1.0,STARTUP,Y Combinator Directory,http://alephlab.ai/,Aleph Lab,2,AI language buddy in the games kids love,Consumer,2026-08-11T07:35:00.326828Z
1.0,STARTUP,Y Combinator Directory,https://logical.io,Logical,2,"A proactive desktop copilot. Clippy, but actually good.",B2B,2026-08-11T07:34:59.736995Z
1.0,STARTUP,Y Combinator Directory,https://www.agenticfabriq.com,Agentic Fabriq,2,The control plane for AI agents.,B2B,2026-08-11T07:35:00.635088Z
1.0,STARTUP,Y Combinator Directory,https://www.travoai.com/,Travo,4,The data infrastructure for real estate,Real Estate and Construction,2026-08-11T07:35:00.060129Z
1.0,STARTUP,Y Combinator Directory,https://tensr.com/,Tensr,3,Fully autonomous robotic factories,Industrials,2026-08-11T07:35:00.528960Z
1.0,STARTUP,Y Combinator Directory,https://usekestrel.ai/,Kestrel Ai,2,AI Agents for Platform Engineering,B2B,2026-08-11T07:35:00.443422Z
1.0,STARTUP,Y Combinator Directory,https://logosguard.com/,Logosguard,2,The sensitive data redaction layer for AI,B2B,2026-08-11T07:35:00.068640Z
1.0,STARTUP,Y Combinator Directory,https://sciloop.dev,Sciloop,6,Expert STEM reasoning data for frontier AI labs.,B2B,2026-08-11T07:35:00.296209Z
1.0,STARTUP,Y Combinator Directory,https://multifactor.com,Multifactor,6,"Zero-trust authentication, authorization, and auditing for AI agents",B2B,2026-08-11T07:35:00.254698Z
1.0,STARTUP,Y Combinator Directory,https://allus.ai,Allus Ai,6,Transforming manufacturing with our next-gen Vision Foundation Model,Industrials,2026-08-11T07:35:01.036150Z
1.0,STARTUP,Y Combinator Directory,https://www.unsiloed.ai/,Unsiloed Ai,2,API for parsing multimodal unstructured data,B2B,2026-08-11T07:34:59.913710Z
1.0,STARTUP,Y Combinator Directory,https://sf-tensor.com,Sf Tensor,6,Infrastructure for AI labs to focus on research.,B2B,2026-08-11T07:35:00.218589Z
1.0,STARTUP,Y Combinator Directory,https://answerthis.io/,Answerthis,6,End-to-end workspace to accelerate scientific discovery,Consumer,2026-08-11T07:35:00.943561Z
1.0,STARTUP,Y Combinator Directory,https://getnivara.com/,Terrain,2,AI native GTM platform for the physical economy,B2B,2026-08-11T07:35:00.242114Z
1.0,STARTUP,Y Combinator Directory,https://lakonia.us.com,Lakonia,2,Delivering AI-powered situational awareness in tactical environments.,Government,2026-08-11T07:35:00.607792Z
1.0,STARTUP,Y Combinator Directory,https://sellraze.com,Sellraze,6,The fastest way to sell online.,Consumer,2026-08-11T07:35:01.133521Z
1.0,STARTUP,Y Combinator Directory,https://clerked.ai,Clerked,3,AI clerks that automate your payables,B2B,2026-08-11T07:35:00.577700Z
1.0,STARTUP,Y Combinator Directory,https://www.sembleai.com,Semble Ai,2,Operating system for your construction business.,B2B,2026-08-11T07:35:00.271209Z
1.0,STARTUP,Y Combinator Directory,https://flick.art,Flick,2,We Handle AI. You Direct Films.,Consumer,2026-08-11T07:35:00.282210Z
1.0,STARTUP,Y Combinator Directory,https://hillclimb.com,Hillclimb,4,Training Data for Recursive Self-Improvement,B2B,2026-08-11T07:35:00.866898Z
1.0,STARTUP,Y Combinator Directory,https://atlasgrid.ai,Atlasgrid,6,Accelerate Product Iteration,B2B,2026-08-11T07:35:00.656122Z
1.0,STARTUP,Y Combinator Directory,https://www.wardstone.us,Wardstone,8,The Modular Interceptor Platform,Industrials,2026-08-11T07:35:00.777902Z
1.0,STARTUP,Y Combinator Directory,https://nessielabs.com/,Nessie,3,"A shared context layer for you, your team, and your agents.",Consumer,2026-08-11T07:35:00.343826Z
1.0,STARTUP,Y Combinator Directory,https://www.hypercubic.ai/,Hypercubic,3,Agentic AI for Mainframe Operations and Modernization,B2B,2026-08-11T07:35:00.726215Z
1.0,STARTUP,Y Combinator Directory,https://www.cranston.ai,Cranston Ai,2,AI Tax prep and accounting software for CPA firms,B2B,2026-08-11T07:35:00.706110Z
1.0,STARTUP,Y Combinator Directory,https://www.trelium.com,Trelium,6,The Agent to Build Your Agents,B2B,2026-08-11T07:35:00.505431Z
1.0,STARTUP,Y Combinator Directory,https://www.velum-labs.com/,Vellum,2,The OS for data quality across any stack,B2B,2026-08-11T07:35:00.713349Z
1.0,STARTUP,Y Combinator Directory,https://verialabs.com,Veria Labs,3,Continuous AI pentesting that finds and fixes vulnerabilities,B2B,2026-08-11T07:35:00.378801Z
1.0,STARTUP,Y Combinator Directory,https://minro.com/,Minro,2,Identify churn risk and stay close to users at scale,B2B,2026-08-11T07:35:00.428789Z
1.0,STARTUP,Y Combinator Directory,https://tellif.ai,Tell If Ai,2,"AI agents on real phones, growing brands across every platform.",B2B,2026-08-11T07:35:00.356945Z
1.0,STARTUP,Y Combinator Directory,https://askbron.ai/,Bron,2,TikTok for Sports Trading,Consumer,2026-08-11T07:35:01.036657Z
1.0,STARTUP,Y Combinator Directory,https://koyal.ai,Koyal,5,Agentic AI Filmmaking Platform,Consumer,2026-08-11T07:35:00.973128Z
1.0,STARTUP,Y Combinator Directory,https://www.kaigohealth.ai/,Kaigo Health,3,AI outpatient care workforce,Healthcare,2026-08-11T07:35:00.459895Z
1.0,STARTUP,Y Combinator Directory,https://www.norra.io,Norra,2,Automating equipment operations for nursing facilities,Healthcare,2026-08-11T07:35:00.539744Z
1.0,STARTUP,Y Combinator Directory,https://usesoren.com,Soren,1,Specialized AI for Real-World Deployment,B2B,2026-08-11T07:35:00.826059Z
1.0,STARTUP,Y Combinator Directory,https://lunavo.ai,Lunavo,2,Lunavo is the AI assistant for carriers.,B2B,2026-08-11T07:35:00.907617Z
1.0,STARTUP,Y Combinator Directory,https://dari.dev,Dari.Dev,2,The Routing Layer for AI Agents,B2B,2026-08-11T07:35:00.703110Z
1.0,STARTUP,Y Combinator Directory,https://www.thecontextcompany.com,The Context Company,2,Monitor AI agents and understand user behavior,B2B,2026-08-11T07:35:00.662134Z
1.0,STARTUP,Y Combinator Directory,https://sorce.jobs,Sorce,6,Tinder for jobs,B2B,2026-08-11T07:35:00.745107Z
1.0,STARTUP,Y Combinator Directory,https://caddy.app/,Caddy,5,Your Personal AI for everyday work. Lives in your texts.,B2B,2026-08-11T07:35:01.525836Z
1.0,STARTUP,Y Combinator Directory,https://alt-x.co,Alt-X,2,Building the best venue for private markets exposure.,Fintech,2026-08-11T07:35:00.745107Z
1.0,STARTUP,Y Combinator Directory,https://paywithlocus.com,Locus,2,Payment infrastructure for AI agents,B2B,2026-08-11T07:35:01.729915Z
1.0,STARTUP,Y Combinator Directory,https://deeptrace.com/,Deeptrace,4,AI agents for on-call,B2B,2026-08-11T07:35:00.563053Z
1.0,STARTUP,Y Combinator Directory,https://aspect.inc,Aspect,3,Intelligent media storage for creative teams.,B2B,2026-08-11T07:35:00.674387Z
1.0,STARTUP,Y Combinator Directory,https://scooplabs.ai,Scoop,2,Automating regulatory submissions for life sciences,B2B,2026-08-11T07:35:00.590793Z
1.0,STARTUP,Y Combinator Directory,https://hyperspell.com,Hyperspell,8,Your Company Brain,B2B,2026-08-11T07:35:00.791162Z
1.0,STARTUP,Y Combinator Directory,https://bolna.ai,Bolna Ai,21,Voice AI to enable India's next billion,B2B,2026-08-11T07:35:00.758391Z
1.0,STARTUP,Y Combinator Directory,https://agent.nexus,Nexus,2,We help non-technical teams build AI agents without engineers,B2B,2026-08-11T07:35:00.648111Z
1.0,STARTUP,Y Combinator Directory,https://zavopay.com,Zavo,8,AI Operating System for Restaurants,Fintech,2026-08-11T07:35:00.622812Z
