schemaVersion,recordType,source_name,source_url,entityName,employeeCount,description,category,collectedAt
1.0,STARTUP,Y Combinator Directory,https://groww.in,Groww,1050,"Making financial services simple, transparent and delightful.",Fintech,2026-08-11T09:04:01.149382Z
1.0,STARTUP,Y Combinator Directory,https://www.instacart.com,Instacart,3000,Marketplace for grocery delivery and pickup,Consumer,2026-08-11T09:04:03.724903Z
1.0,STARTUP,Y Combinator Directory,http://gitlab.com/,Gitlab,2000,A complete DevOps platform delivered as a single application.,B2B,2026-08-11T09:04:02.200321Z
1.0,STARTUP,Y Combinator Directory,http://rigetti.com,Rigetti Computing,51,Quantum coherent supercomputing.,Industrials,2026-08-11T09:04:02.863165Z
1.0,STARTUP,Y Combinator Directory,http://dropbox.com,Dropbox,4000,Backup and share files in the cloud.,B2B,2026-08-11T09:04:02.419496Z
1.0,STARTUP,Y Combinator Directory,https://www.equipmentshare.com,Equipmentshare,5400,Cloud solutions for the construction industry.,Real Estate and Construction,2026-08-11T09:04:02.420494Z
1.0,STARTUP,Y Combinator Directory,https://www.billiontoone.com,Billiontoone,300,The genetic testing platform detecting and measuring disease.,Healthcare,2026-08-11T09:04:01.275728Z
1.0,STARTUP,Y Combinator Directory,http://matterport.com,Matterport,201,Turn physical objects and environments into 3D models in seconds.,Consumer,2026-08-11T09:04:01.814179Z
1.0,STARTUP,Y Combinator Directory,https://amplitude.com,Amplitude,750,Digital Analytics Platform,B2B,2026-08-11T09:04:02.308277Z
1.0,STARTUP,Y Combinator Directory,http://ginkgobioworks.com,Ginkgo Bioworks,641,Our mission is to make biology easier to engineer.,Healthcare,2026-08-11T09:04:02.156828Z
1.0,STARTUP,Y Combinator Directory,http://getweave.com,Weave,600,Customer communication and payments platform.,B2B,2026-08-11T09:04:02.892164Z
1.0,STARTUP,Y Combinator Directory,http://www.pardesbio.com,Pardes Biosciences,2,We break viruses,Healthcare,2026-08-11T09:04:01.610526Z
1.0,STARTUP,Y Combinator Directory,https://momentus.space,Momentus,125,The space infrastructure services company,Industrials,2026-08-11T09:04:02.117511Z
1.0,STARTUP,Y Combinator Directory,http://segment.com,Segment,550,"Software and APIs to collect, clean, and control customer data.",B2B,2026-08-11T09:04:02.886163Z
1.0,STARTUP,Y Combinator Directory,http://www.algolia.com,Algolia,810,A developer-friendly and enterprise-grade search API.,B2B,2026-08-11T09:04:03.936788Z
1.0,STARTUP,Y Combinator Directory,https://www.truebill.com,Truebill,225,Live your best financial life,Fintech,2026-08-11T09:04:02.495093Z
1.0,STARTUP,Y Combinator Directory,http://twitch.com,Twitch,2000,A global community creating the future of live entertainment.,Consumer,2026-08-11T09:04:02.079209Z
1.0,STARTUP,Y Combinator Directory,http://plangrid.com,Plangrid,355,Mobile applications for the construction industry.,Real Estate and Construction,2026-08-11T09:04:03.736429Z
1.0,STARTUP,Y Combinator Directory,http://getcruise.com,Cruise,3000,Self-driving cars.,Industrials,2026-08-11T09:04:02.288189Z
1.0,STARTUP,Y Combinator Directory,http://benchling.com,Benchling,750,Unlocking the power of biotech with modern software for modern science,B2B,2026-08-11T09:04:03.321141Z
1.0,STARTUP,Y Combinator Directory,http://bird.com,Bird,500,The world’s largest omnichannel communications platform,B2B,2026-08-11T09:04:01.559967Z
1.0,STARTUP,Y Combinator Directory,https://www.brex.com,Brex,1000,"Business accounts, corporate cards, and spend management software.",Fintech,2026-08-11T09:04:01.381005Z
1.0,STARTUP,Y Combinator Directory,https://theathletic.com,The Athletic,600,Subscription sports media.,Consumer,2026-08-11T09:04:02.252198Z
1.0,STARTUP,Y Combinator Directory,http://codecademy.com,Codecademy,225,The leading online learning platform for technical skills.,Education,2026-08-11T09:04:02.035075Z
1.0,STARTUP,Y Combinator Directory,http://www.checkr.com,Checkr,800,People infrastructure for the future of work,B2B,2026-08-11T09:04:03.157382Z
1.0,STARTUP,Y Combinator Directory,https://www.lever.co/,Lever,225,Talent Acquisition Suite that combines ATS + Talent CRM,B2B,2026-08-11T09:04:01.653002Z
1.0,STARTUP,Y Combinator Directory,https://www.clipboardworks.com/careers,Clipboard,1000,"Every shift, Covered.",Consumer,2026-08-11T09:04:01.344402Z
1.0,STARTUP,Y Combinator Directory,https://heap.io/,Heap,388,Captures user interactions with no code to generate analytics.,B2B,2026-08-11T09:04:01.803264Z
1.0,STARTUP,Y Combinator Directory,https://www.sendwave.com,Sendwave,350,"Instant, no fee international remittances.",Fintech,2026-08-11T09:04:01.693637Z
1.0,STARTUP,Y Combinator Directory,https://www.deel.com/,DeepL,5000,The all-in-one HR and payroll platform for global teams,B2B,2026-08-11T09:04:01.320831Z
1.0,STARTUP,Y Combinator Directory,https://clever.com,Clever,210,The platform that powers technology in the classroom.,Education,2026-08-11T09:04:02.573079Z
1.0,STARTUP,Y Combinator Directory,https://www.caper.ai/,Caper,15,Plug-and-play cashier-less retail powered by computer vision and AI,B2B,2026-08-11T09:04:01.600520Z
1.0,STARTUP,Y Combinator Directory,http://reddit.com,Reddit,2000,The frontpage of the internet.,Consumer,2026-08-11T09:04:01.745148Z
1.0,STARTUP,Y Combinator Directory,http://fivestars.com,Fivestars,201,Customer loyalty and payments platform for small businesses.,B2B,2026-08-11T09:04:04.276381Z
1.0,STARTUP,Y Combinator Directory,https://www.mz.com,Machine Zone,501,Pioneers of mobile social gaming.,Consumer,2026-08-11T09:04:03.534553Z
1.0,STARTUP,Y Combinator Directory,https://www.faire.com/,Faire,900,The global online platform empowering independent retail.,B2B,2026-08-11T09:04:01.786341Z
1.0,STARTUP,Y Combinator Directory,http://fivetran.com,Fivetran,1200,The leader in automated data movement,B2B,2026-08-11T09:04:03.280804Z
1.0,STARTUP,Y Combinator Directory,http://optimizely.com,Optimizely,1500,The first all-in-one operating system for marketing,B2B,2026-08-11T09:04:02.192231Z
1.0,STARTUP,Y Combinator Directory,http://weebly.com,Weebly,201,Build a free website that grows with your business.,B2B,2026-08-11T09:04:02.603364Z
1.0,STARTUP,Y Combinator Directory,http://www.flocksafety.com,Flock Safety,1000,The first public safety operating system that eliminates crime.,B2B,2026-08-11T09:04:01.725149Z
1.0,STARTUP,Y Combinator Directory,https://www.nurx.com/,Nurx,300,"Medicine or testing kit, prescribed online and delivered to your door.",Healthcare,2026-08-11T09:04:01.635003Z
1.0,STARTUP,Y Combinator Directory,https://go1.com,Go1,650,A learning platform that enables you to train your staff or customers.,B2B,2026-08-11T09:04:02.443574Z
1.0,STARTUP,Y Combinator Directory,http://coreos.com,Coreos,150,Open source tools of modern distributed systems.,B2B,2026-08-11T09:04:02.872164Z
1.0,STARTUP,Y Combinator Directory,http://bearflagrobotics.com/,Bear Flag Robotics,10,Autonomous driving technology for farm tractors.,Industrials,2026-08-11T09:04:02.189221Z
1.0,STARTUP,Y Combinator Directory,https://www.goatgroup.com/,Goat Group,1600,"Platform for the greatest products from the past, present and future.",Consumer,2026-08-11T09:04:02.648121Z
1.0,STARTUP,Y Combinator Directory,http://heroku.com,Heroku,300,Enabling developers to build and run applications in the cloud.,B2B,2026-08-11T09:04:02.271188Z
1.0,STARTUP,Y Combinator Directory,http://grubmarket.com,Grubmarket,4548,AI-powered technology enabler and digital transformer of American…,B2B,2026-08-11T09:04:02.388921Z
1.0,STARTUP,Y Combinator Directory,https://www.hellosign.com,Hellosign,100,eSignature software for small and mid-market businesses.,B2B,2026-08-11T09:04:02.328411Z
1.0,STARTUP,Y Combinator Directory,http://zenefits.com,Zenefits,500,"HR for small businesses: onboarding, payroll and benefits.",B2B,2026-08-11T09:04:01.998448Z
1.0,STARTUP,Y Combinator Directory,https://www.honeylove.com,Honeylove,100,Honeylove makes functional undergarments for women,Consumer,2026-08-11T09:04:01.624003Z
1.0,STARTUP,Y Combinator Directory,https://cognitohq.com,Cognito,12,"Frictionless, modern identity verification that starts with just a…",B2B,2026-08-11T09:04:01.891685Z
1.0,STARTUP,Y Combinator Directory,https://www.moxionpower.com/,Moxion Power Co.,380,Mobile Energy Storage Technology,Industrials,2026-08-11T09:04:03.152297Z
1.0,STARTUP,Y Combinator Directory,https://www.drchrono.com,Drchrono,150,The essential platform for modern medical practices and patients.,Healthcare,2026-08-11T09:04:01.890688Z
1.0,STARTUP,Y Combinator Directory,https://www.newfront.com/,Newfront,800,Modern insurance brokerage.,Fintech,2026-08-11T09:04:01.913765Z
1.0,STARTUP,Y Combinator Directory,https://nowports.com/,Nowports,550,The core engine of supply chain in LATAM,B2B,2026-08-11T09:04:02.665111Z
1.0,STARTUP,Y Combinator Directory,http://www.odeko.com,Odeko,371,Our operations software makes it easier to run--and grow--your cafe,B2B,2026-08-11T09:04:02.520286Z
1.0,STARTUP,Y Combinator Directory,https://www.gitprime.com,Gitprime,110,Visibility and analytics for software development leaders.,B2B,2026-08-11T09:04:03.909815Z
1.0,STARTUP,Y Combinator Directory,https://proxy.com,Proxy,20,Smart ring digital wallet,Consumer,2026-08-11T09:04:03.083292Z
1.0,STARTUP,Y Combinator Directory,https://podium.com,Podium,1000,Get more leads. Make more money.,B2B,2026-08-11T09:04:02.295239Z
1.0,STARTUP,Y Combinator Directory,https://razorpay.com,Razorpay,2700,India's only full-stack financial solutions company for businesses.,Fintech,2026-08-11T09:04:01.864013Z
1.0,STARTUP,Y Combinator Directory,http://rippling.com/,Rippling,2500,"One place to run all your HR, IT, and Finance. Globally.",B2B,2026-08-11T09:04:02.688115Z
1.0,STARTUP,Y Combinator Directory,http://scale.com,Scale AI,500,Data-centric infrastructure to accelerate the development of AI,B2B,2026-08-11T09:04:02.172368Z
1.0,STARTUP,Y Combinator Directory,http://scribd.com,Scribd,300,World's largest online library.,Consumer,2026-08-11T09:04:02.389919Z
1.0,STARTUP,Y Combinator Directory,http://shipbob.com,Shipbob,1,Providing Amazon level logistics to e-commerce businesses.,B2B,2026-08-11T09:04:02.706977Z
1.0,STARTUP,Y Combinator Directory,http://smartasset.com,Smartasset,210,Marketplace connecting consumers to financial advisors,Fintech,2026-08-11T09:04:02.998464Z
1.0,STARTUP,Y Combinator Directory,http://stripe.com,Stripe,7000,Economic infrastructure for the internet.,Fintech,2026-08-11T09:04:02.768888Z
1.0,STARTUP,Y Combinator Directory,https://wave.com,Wave,1600,Mobile money app for Africa,Fintech,2026-08-11T09:04:03.351652Z
1.0,STARTUP,Y Combinator Directory,http://zapier.com,Zapier,700,The easiest way to automate your work.,B2B,2026-08-11T09:04:02.490087Z
1.0,STARTUP,Y Combinator Directory,http://www.focal.systems,Focal Systems,170,Building the Operating System for B&M Retail using Deep Learning,B2B,2026-08-11T09:04:03.042193Z
1.0,STARTUP,Y Combinator Directory,http://m.io,Mio,12,Mio powers seamless communication between workplace chat apps.,B2B,2026-08-11T09:04:03.551153Z
1.0,STARTUP,Y Combinator Directory,https://daily.co,Daily,126,Conversational Voice and Multimodal AI built with Open Source,B2B,2026-08-11T09:04:04.259377Z
1.0,STARTUP,Y Combinator Directory,http://petcube.com,Petcube,51,Petcube is on the mission to improve lives of pets and pet owners…,Consumer,2026-08-11T09:04:03.401314Z
1.0,STARTUP,Y Combinator Directory,http://outschool.com,Outschool,107,A live online learning platform that empowers kids ages 3–18.,Education,2026-08-11T09:04:03.030523Z
1.0,STARTUP,Y Combinator Directory,http://www.bymason.com,Mason,65,Mason is the fastest way to take smart devices from idea to end user,B2B,2026-08-11T09:04:03.209648Z
1.0,STARTUP,Y Combinator Directory,http://www.tovala.com,Tovala,375,A smart-oven-paired subscription meal service.,Consumer,2026-08-11T09:04:03.122772Z
1.0,STARTUP,Y Combinator Directory,https://www.getaccept.com,Getaccept,200,Close deals faster. Digitally.,B2B,2026-08-11T09:04:04.107397Z
1.0,STARTUP,Y Combinator Directory,http://chatfuel.com,Chatfuel,53,Platform to easily create chatbots to engage with audiences on…,B2B,2026-08-11T09:04:04.195192Z
1.0,STARTUP,Y Combinator Directory,http://gocardless.com,Gocardless,900,We’re building the world’s bank payment network.,Fintech,2026-08-11T09:04:03.396415Z
1.0,STARTUP,Y Combinator Directory,https://www.stealthworker.com,Stealth Worker,5,"Information Security (Cyber Security), Compliance and Privacy (GDPR &…",B2B,2026-08-11T09:04:03.163297Z
1.0,STARTUP,Y Combinator Directory,https://www.deepgram.com,Deepgram,115,Building foundational AI for speech transcription and understanding.,B2B,2026-08-11T09:04:03.178314Z
1.0,STARTUP,Y Combinator Directory,http://soundboks.com,Soundboks,50,We're creating the loudest battery-driven speaker on the market,Consumer,2026-08-11T09:04:02.914313Z
1.0,STARTUP,Y Combinator Directory,https://lattice.com,Lattice,540,Modern people management platform.,B2B,2026-08-11T09:04:02.616541Z
1.0,STARTUP,Y Combinator Directory,http://mux.com,Mux,95,Video infrastructure for developers,B2B,2026-08-11T09:04:03.182313Z
1.0,STARTUP,Y Combinator Directory,http://humaninterest.com,Human Interest,765,The 401(k) for small and medium-sized businesses.,B2B,2026-08-11T09:04:04.472950Z
1.0,STARTUP,Y Combinator Directory,http://eightsleep.com,Eight Sleep,100,The sleep fitness company.,Consumer,2026-08-11T09:04:03.492027Z
1.0,STARTUP,Y Combinator Directory,http://instawork.com,Instawork,500,A flexible work app that connects businesses with hourly workers.,B2B,2026-08-11T09:04:03.578667Z
1.0,STARTUP,Y Combinator Directory,http://cofactorgenomics.com,Cofactor Genomics,13,Cofactor closes the precision medicine gap with predictive diagnostics,Healthcare,2026-08-11T09:04:05.293729Z
1.0,STARTUP,Y Combinator Directory,https://www.tetrascience.com,Tetrascience,100,The only R&D data cloud for life sciences,Healthcare,2026-08-11T09:04:02.781887Z
1.0,STARTUP,Y Combinator Directory,https://www.ticketfairy.com/,The Ticket Fairy,30,Revenue generation for live events,Consumer,2026-08-11T09:04:03.756507Z
1.0,STARTUP,Y Combinator Directory,http://fontawesome.com,Font Awesome,17,Icons and social logos for your website.,B2B,2026-08-11T09:04:03.499339Z
1.0,STARTUP,Y Combinator Directory,http://80000hours.org,"80,000 Hours",13,An online guide that tells talented graduates how to maximise the…,Unspecified,2026-08-11T09:04:03.357733Z
1.0,STARTUP,Y Combinator Directory,https://www.xendit.co/,Xendit,700,Provides payment infrastructure for Southeast Asia,Fintech,2026-08-11T09:04:03.226342Z
1.0,STARTUP,Y Combinator Directory,https://shredvideo.com,Shred Video,2,Shred Video builds automated video & photo systems that allow…,Consumer,2026-08-11T09:04:02.944904Z
1.0,STARTUP,Y Combinator Directory,https://plateiq.com/,Plate Iq,200,Automated Accounts Payable,Fintech,2026-08-11T09:04:05.554836Z
1.0,STARTUP,Y Combinator Directory,http://picktrace.com/company,Picktrace,65,Workforce Management for Large Farms,Industrials,2026-08-11T09:04:04.885136Z
1.0,STARTUP,Y Combinator Directory,http://fountain.com,Fountain,200,High volume hiring made simple,B2B,2026-08-11T09:04:03.251798Z
1.0,STARTUP,Y Combinator Directory,http://microhealth.com,Microhealth,10,Digital hematology,Healthcare,2026-08-11T09:04:04.095485Z
1.0,STARTUP,Y Combinator Directory,https://zeplin.io,Zeplin,140,Deliver on the Promise of Design,B2B,2026-08-11T09:04:03.410382Z
1.0,STARTUP,Y Combinator Directory,https://circlemedical.com,Circle Medical,235,Modern primary care via video and in-person,Healthcare,2026-08-11T09:04:03.963847Z
1.0,STARTUP,Y Combinator Directory,http://go.givecampus.com,Givecampus,130,The fundraising platform for schools.,Education,2026-08-11T09:04:03.296130Z
1.0,STARTUP,Y Combinator Directory,http://dripcapital.com,Drip Capital,280,Digital trade finance and B2B commerce company,Fintech,2026-08-11T09:04:03.630243Z
1.0,STARTUP,Y Combinator Directory,http://chaldal.com,Chaldal,2886,Y Combinator Startup,Consumer,2026-08-11T09:04:03.600661Z
1.0,STARTUP,Y Combinator Directory,https://www.clerky.com,Clerky,35,Makes legal paperwork easy for startups and their attorneys.,B2B,2026-08-11T09:04:02.818241Z
1.0,STARTUP,Y Combinator Directory,http://bodyport.com,Bodyport,19,Predicting and preventing heart disease.,Healthcare,2026-08-11T09:04:03.665103Z
1.0,STARTUP,Y Combinator Directory,http://vergegenomics.com,Verge Genomics,50,We use human data and AI to develop better drugs faster.,Healthcare,2026-08-11T09:04:03.747420Z
1.0,STARTUP,Y Combinator Directory,http://www.thriveagritech.com,Thrive Agritech,8,We design and manufacture energy efficient LED lighting fixtures for…,Industrials,2026-08-11T09:04:03.840326Z
1.0,STARTUP,Y Combinator Directory,https://www.tesorio.com,Tesorio,53,Tesorio is the cash flow performance platform that helps finance…,B2B,2026-08-11T09:04:03.333646Z
1.0,STARTUP,Y Combinator Directory,https://agilemd.com,Agilemd,19,Predictive analytics and clinical pathways for hospitals,Healthcare,2026-08-11T09:04:05.167970Z
1.0,STARTUP,Y Combinator Directory,https://reachpower.com,Reach,45,"Long range, wireless energy distribution that scales",Industrials,2026-08-11T09:04:04.361137Z
1.0,STARTUP,Y Combinator Directory,http://sunfarmer.org,Sunfarmer,15,Reliable and affordable solar energy in developing countries.,Industrials,2026-08-11T09:04:04.240675Z
1.0,STARTUP,Y Combinator Directory,https://confidentlims.com,Confident Lims,17,Laboratory Information Management System (LIMS) serving…,B2B,2026-08-11T09:04:04.043660Z
1.0,STARTUP,Y Combinator Directory,https://www.branch8.com,Branch8,15,Branch8 helps sellers to list and manage products on e-commerce…,B2B,2026-08-11T09:04:03.771730Z
1.0,STARTUP,Y Combinator Directory,http://heroiclabs.com,Heroic Labs,21,"Social Infrastructure for Games; Makers of Nakama game server, Satori…",Consumer,2026-08-11T09:04:03.516481Z
1.0,STARTUP,Y Combinator Directory,https://www.snapmagic.com,Snapmagic,23,AI-assisted electronics design,B2B,2026-08-11T09:04:03.066194Z
1.0,STARTUP,Y Combinator Directory,http://gemnote.com,Gemnote,40,"Gemnote is the easiest way to design, create and send custom products.",B2B,2026-08-11T09:04:04.426788Z
1.0,STARTUP,Y Combinator Directory,http://newstoryhomes.org,New Story,20,We pioneer solutions to end the global housing crisis by empowering…,Real Estate and Construction,2026-08-11T09:04:04.309388Z
1.0,STARTUP,Y Combinator Directory,http://ironcladapp.com,Ironclad,700,AI-powered contract management,B2B,2026-08-11T09:04:03.707883Z
1.0,STARTUP,Y Combinator Directory,http://leadersintech.org,Leaders In Tech,1,Become the leader your company needs.,Unspecified,2026-08-11T09:04:05.183069Z
1.0,STARTUP,Y Combinator Directory,http://teaBOT.com,Teabot,2,A robot that makes tea!,B2B,2026-08-11T09:04:05.167970Z
1.0,STARTUP,Y Combinator Directory,https://goteleport.com,Teleport,255,The Infrastructure Identity Company,B2B,2026-08-11T09:04:03.219689Z
1.0,STARTUP,Y Combinator Directory,http://lugg.com,Lugg,50,"Move anything, anytime, anywhere",Consumer,2026-08-11T09:04:04.948209Z
1.0,STARTUP,Y Combinator Directory,http://mashgin.com,Mashgin,150,Self-Checkout using Computer Vision.,B2B,2026-08-11T09:04:04.367134Z
1.0,STARTUP,Y Combinator Directory,http://nimblerx.com,Nimblerx,130,On-demand prescription delivery.,Healthcare,2026-08-11T09:04:04.418286Z
1.0,STARTUP,Y Combinator Directory,https://www.quartzy.com,Quartzy,100,Marketplace for life science supplies.,Healthcare,2026-08-11T09:04:03.513447Z
1.0,STARTUP,Y Combinator Directory,https://replika.ai/,Replika,28,Replika is an AI friend that you can talk to designed to make you…,Consumer,2026-08-11T09:04:05.149085Z
1.0,STARTUP,Y Combinator Directory,http://www.tara.ai,Tara Ai,13,"Meet Tara AI, your new engineering efficiency co-pilot.",B2B,2026-08-11T09:04:03.596656Z
1.0,STARTUP,Y Combinator Directory,http://justflip.com,Flip,1,Community-driven marketplace for sneakers.,Consumer,2026-08-11T09:04:05.015595Z
1.0,STARTUP,Y Combinator Directory,http://www.x-zell.com,X-Zell,19,"Early, pain-free cancer detection.",Healthcare,2026-08-11T09:04:03.905779Z
1.0,STARTUP,Y Combinator Directory,http://zenflow.com,Zenflow,18,"Medical device that provides a more effective, less invasive…",Healthcare,2026-08-11T09:04:05.607615Z
1.0,STARTUP,Y Combinator Directory,https://www.tab.travel,Tab,9,"Revolutionising the way travellers discover, plan and book a trip",Consumer,2026-08-11T09:04:04.069660Z
1.0,STARTUP,Y Combinator Directory,http://streak.com,Streak,35,Streak transforms Gmail into a powerful CRM,B2B,2026-08-11T09:04:05.721129Z
1.0,STARTUP,Y Combinator Directory,https://getmeadow.com,Meadow,14,Point of Sale and Compliance SaaS for Cannabis Dispensaries,B2B,2026-08-11T09:04:03.609760Z
1.0,STARTUP,Y Combinator Directory,http://levelframes.com,Level Frames,5,Software eats custom framing,Consumer,2026-08-11T09:04:05.538129Z
1.0,STARTUP,Y Combinator Directory,http://imicrobes.com,Industrial Microbes,12,We design and build microbes to make chemicals greener at lower cost.,Healthcare,2026-08-11T09:04:03.779722Z
1.0,STARTUP,Y Combinator Directory,http://giveffect.com,Giveffect,1,"Fundraising, Volunteer and Donor Management SaaS for nonprofits.",B2B,2026-08-11T09:04:05.853291Z
1.0,STARTUP,Y Combinator Directory,https://www.ebrandvalue.com/,Ebrandvalue,10,Real-time Nielsen ratings for Brands.Accelerate marketing and product…,B2B,2026-08-11T09:04:04.701678Z
1.0,STARTUP,Y Combinator Directory,http://quantierra.com,Quantierra,5,Sourcing investment real estate,Real Estate and Construction,2026-08-11T09:04:05.164061Z
1.0,STARTUP,Y Combinator Directory,https://cleanly.com,Cleanly,40,Laundry & Dry Cleaning delivered.,Consumer,2026-08-11T09:04:05.835075Z
1.0,STARTUP,Y Combinator Directory,https://www.resolvebim.com,Resolve,10,Software to accelerate construction by finding issues in 3D BIM,Real Estate and Construction,2026-08-11T09:04:03.712996Z
1.0,STARTUP,Y Combinator Directory,https://www.makrwatch.com,Makrwatch,19,Scale new user acquisition with YouTube Creators,B2B,2026-08-11T09:04:04.696987Z
1.0,STARTUP,Y Combinator Directory,https://tempo.fit/,Tempo,158,Live home fitness training powered by computer vision.,Healthcare,2026-08-11T09:04:04.793708Z
1.0,STARTUP,Y Combinator Directory,https://sailsjs.com/about,Sails Co.,4,"Full-service web, mobile, & cloud studio providing professional…",B2B,2026-08-11T09:04:05.070120Z
1.0,STARTUP,Y Combinator Directory,http://readme.com,Readme,52,"Beautiful, personalized, interactive developer hubs",B2B,2026-08-11T09:04:04.148194Z
1.0,STARTUP,Y Combinator Directory,http://www.buildscience.com/,Buildscience,1,The operating system for commercial buildings.,Real Estate and Construction,2026-08-11T09:04:03.573658Z
1.0,STARTUP,Y Combinator Directory,https://platzi.com,Platzi,123,Turning company knowledge into expert teams,B2B,2026-08-11T09:04:03.926507Z
1.0,STARTUP,Y Combinator Directory,https://labdoor.com,Labdoor,11,Labdoor is building the trusted online drugstore.,Consumer,2026-08-11T09:04:04.849781Z
1.0,STARTUP,Y Combinator Directory,http://givemetap.com,Givemetap,1,We produce & sell stainless steel water bottles that enables people…,Consumer,2026-08-11T09:04:05.078116Z
1.0,STARTUP,Y Combinator Directory,http://bankjoy.com,Bankjoy,60,An end-to-end digital banking solution for banks and credit unions,Fintech,2026-08-11T09:04:04.640497Z
1.0,STARTUP,Y Combinator Directory,https://www.zeitview.com/,Zeitview,200,Inspection software for renewable energy & sustainable infrastructure,Industrials,2026-08-11T09:04:04.013112Z
1.0,STARTUP,Y Combinator Directory,https://www.detroitwaterproject.org/,The Human Utility,2,The Human Utility seeks to eliminate water service disconnections for…,Unspecified,2026-08-11T09:04:04.842691Z
1.0,STARTUP,Y Combinator Directory,http://democracy.earth/,Democracy Earth,2,Censorship resistant democracies.,Unspecified,2026-08-11T09:04:05.758562Z
1.0,STARTUP,Y Combinator Directory,https://onesignal.com,Onesignal,150,Engage customers through personalized omni-channel messaging,B2B,2026-08-11T09:04:03.668986Z
1.0,STARTUP,Y Combinator Directory,https://www.numerionlabs.ai,Numerion Labs,67,Artificial intelligence for drug discovery.,Healthcare,2026-08-11T09:04:04.894225Z
1.0,STARTUP,Y Combinator Directory,https://www.thinkbright.mx,Bright,100,Sunrun for the developing world,Industrials,2026-08-11T09:04:06.490752Z
1.0,STARTUP,Y Combinator Directory,https://getmagic.com/,Magic,350,Extremely talented assistants for busy people,B2B,2026-08-11T09:04:03.798818Z
1.0,STARTUP,Y Combinator Directory,https://www.mezmo.com/,Mezmo,172,Observability platform to control all of your log data,B2B,2026-08-11T09:04:03.873897Z
1.0,STARTUP,Y Combinator Directory,http://akidolabs.com,Akido Labs,1000,Rebuilding healthcare with AI at the core,Healthcare,2026-08-11T09:04:05.804559Z
1.0,STARTUP,Y Combinator Directory,http://qventus.com,Qventus,230,We automate operations for hospitals and health systems,Healthcare,2026-08-11T09:04:06.610650Z
1.0,STARTUP,Y Combinator Directory,http://bayesimpact.org,Bayes Impact,11,Tech nonprofit building the future of public services.,Unspecified,2026-08-11T09:04:04.684409Z
1.0,STARTUP,Y Combinator Directory,http://helionenergy.com,Helion Energy,150,Building the world's first fusion power plant,Industrials,2026-08-11T09:04:05.017595Z
1.0,STARTUP,Y Combinator Directory,http://hackerrank.com,Hackerrank,300,Change the world to value skills over pedigree,B2B,2026-08-11T09:04:04.930224Z
1.0,STARTUP,Y Combinator Directory,https://front.com,Front,385,Customer communications hub for building strong relationships,B2B,2026-08-11T09:04:04.340118Z
1.0,STARTUP,Y Combinator Directory,http://apollographql.com/,Apollo,200,Apollo helps engineering teams accelerate delivery,B2B,2026-08-11T09:04:07.016293Z
1.0,STARTUP,Y Combinator Directory,http://roomstorm.com,Roomstorm,4,Real time B2B hotel room marketplace for various industries…,Consumer,2026-08-11T09:04:04.708188Z
1.0,STARTUP,Y Combinator Directory,http://www.hive.co,Hive,65,"Marketing automation for event promoters (email, sms, ads, CRM)",B2B,2026-08-11T09:04:05.674434Z
1.0,STARTUP,Y Combinator Directory,http://www.spotangels.com,Spotangels,11,Waze for parking,Consumer,2026-08-11T09:04:04.854704Z
1.0,STARTUP,Y Combinator Directory,https://www.usergems.com,Usergems,100,The AI Command Center for outbound and ABM,B2B,2026-08-11T09:04:04.228145Z
1.0,STARTUP,Y Combinator Directory,http://sfox.com,Sfox,60,Crypto-currency trading platform.,Fintech,2026-08-11T09:04:05.054205Z
1.0,STARTUP,Y Combinator Directory,https://picnic.ai,Picnicai,100,Intelligence to accelerate human health.,Healthcare,2026-08-11T09:04:04.558783Z
1.0,STARTUP,Y Combinator Directory,https://permutive.com,Permutive,205,Rebuilding data in advertising to protect privacy,B2B,2026-08-11T09:04:04.439793Z
1.0,STARTUP,Y Combinator Directory,http://www.alchemynano.com,Alchemy,25,Nanotechnology-enabled coatings for automotive and defence sectors,Industrials,2026-08-11T09:04:04.816168Z
1.0,STARTUP,Y Combinator Directory,http://metricwire.com,Metricwire,3,Mobile surveys for researchers,Healthcare,2026-08-11T09:04:06.184772Z
1.0,STARTUP,Y Combinator Directory,https://protocol.ai/,Protocol Labs,130,"Protocol Labs makes internet protocols: IPFS, Filecoin, and more.",B2B,2026-08-11T09:04:05.192591Z
1.0,STARTUP,Y Combinator Directory,http://greentoe.com,Greentoe,5,"""Name Your Price"" for products",Consumer,2026-08-11T09:04:06.246295Z
1.0,STARTUP,Y Combinator Directory,http://www.hyperpad.com,Hyperpad,4,"Create, Share, Play Mobile Games on the iPad.",Consumer,2026-08-11T09:04:05.345183Z
1.0,STARTUP,Y Combinator Directory,https://flaviar.com,Flaviar,60,Try-at-home service for fine spirits,Consumer,2026-08-11T09:04:04.785712Z
1.0,STARTUP,Y Combinator Directory,https://clear.in/,Clear,900,"Fintech SaaS platform for invoices, taxes, wealth management & credit.",Fintech,2026-08-11T09:04:04.720195Z
1.0,STARTUP,Y Combinator Directory,http://backpackbang.com,Backpack,2,Marketplace to get stuff from overseas,Consumer,2026-08-11T09:04:04.766806Z
1.0,STARTUP,Y Combinator Directory,http://immunityproject.org,Immunity Project,11,The free HIV vaccine.,Unspecified,2026-08-11T09:04:05.972012Z
1.0,STARTUP,Y Combinator Directory,https://www.dyspatch.io,Dyspatch,20,"AI Email Production - Emails on brand, guaranteed to work, fast.",B2B,2026-08-11T09:04:04.582980Z
1.0,STARTUP,Y Combinator Directory,https://opencurriculum.org,Opencurriculum,1,Helping K-12 teachers and school administrators build awesome…,Unspecified,2026-08-11T09:04:05.923005Z
1.0,STARTUP,Y Combinator Directory,http://mixerbox.com,Mixerbox,30,AI Super-Apps to Live Easier | The anything anytime superapps…,Consumer,2026-08-11T09:04:05.429713Z
1.0,STARTUP,Y Combinator Directory,https://www.ycombinator.com,Y Combinator,100,Make something people want.,Fintech,2026-08-11T09:04:04.621090Z
1.0,STARTUP,Y Combinator Directory,https://www.gbatteries.com,Gbatteries,25,Enabling li-ion batteries to charge ultra fast without compromising…,Industrials,2026-08-11T09:04:05.174071Z
1.0,STARTUP,Y Combinator Directory,http://zinc.com,Zinc,10,The secret backbone of e-commerce.,B2B,2026-08-11T09:04:07.279886Z
1.0,STARTUP,Y Combinator Directory,https://www.zidisha.org,Zidisha,1,Direct P2P lending across the international wealth divide.,Fintech,2026-08-11T09:04:04.973827Z
1.0,STARTUP,Y Combinator Directory,https://www.truevault.com,Truevault,1,We make Privacy Software for SMBs.,B2B,2026-08-11T09:04:04.446405Z
1.0,STARTUP,Y Combinator Directory,http://www.guesty.com,Guesty,700,The management platform for the short term rental industry.,Real Estate and Construction,2026-08-11T09:04:04.574980Z
1.0,STARTUP,Y Combinator Directory,http://snapdocs.com,Snapdocs,285,digital mortgage closing,Real Estate and Construction,2026-08-11T09:04:05.473717Z
1.0,STARTUP,Y Combinator Directory,http://medmonk.com,Medmonk,2,A tool for pharmacists to find funding for patients who are unable to…,Healthcare,2026-08-11T09:04:06.572749Z
1.0,STARTUP,Y Combinator Directory,http://shoobs.com,Shoobs,5,We help you find and book tickets to great entertainment events that…,Consumer,2026-08-11T09:04:07.100885Z
1.0,STARTUP,Y Combinator Directory,https://www.pushbullet.com,Pushbullet,3,Push things to your other things.,Consumer,2026-08-11T09:04:04.443795Z
1.0,STARTUP,Y Combinator Directory,http://povio.com,Povio,250,Engineering and Design that Fuels Startup Success,B2B,2026-08-11T09:04:04.864137Z
1.0,STARTUP,Y Combinator Directory,https://piinpoint.com,Piinpoint,20,PiinPoint helps businesses find the best locations for growth,B2B,2026-08-11T09:04:05.370194Z
1.0,STARTUP,Y Combinator Directory,http://1degree.org,One Degree,14,One Degree is a nonprofit organization that makes it easy for…,Unspecified,2026-08-11T09:04:07.176329Z
1.0,STARTUP,Y Combinator Directory,http://codenow.org,Codenow,2,Our mission is to diversify the talent pipeline of students who…,Unspecified,2026-08-11T09:04:05.779560Z
1.0,STARTUP,Y Combinator Directory,https://codecombat.com,Codecombat,45,Game that teaches computer science to middle and high school kids.,Education,2026-08-11T09:04:04.682507Z
1.0,STARTUP,Y Combinator Directory,http://noorahealth.org,Noora Health,500,Training patients and their families with health skills,Healthcare,2026-08-11T09:04:05.707941Z
1.0,STARTUP,Y Combinator Directory,https://ambition.com,Ambition,55,Coaching and gamification software for sales teams.,B2B,2026-08-11T09:04:05.088208Z
1.0,STARTUP,Y Combinator Directory,http://www.airhelp.com,Airhelp,350,"AirHelp helps air passengers get compensation for delayed, cancelled…",Consumer,2026-08-11T09:04:05.498470Z
1.0,STARTUP,Y Combinator Directory,https://42technologies.com,42,1,Analytics stack for omnichannel retailers and brands,B2B,2026-08-11T09:04:05.349183Z
1.0,STARTUP,Y Combinator Directory,https://www.truelinkfinancial.com/,True Link,100,Financial Services for Financial Caregivers.,Fintech,2026-08-11T09:04:04.907341Z
1.0,STARTUP,Y Combinator Directory,http://reebee.com,Reebee,11,Flyer app.,Consumer,2026-08-11T09:04:05.896335Z
1.0,STARTUP,Y Combinator Directory,http://lob.com,Lob,150,Lob is the only automation platform that transforms direct mail into…,B2B,2026-08-11T09:04:05.790559Z
1.0,STARTUP,Y Combinator Directory,https://www.panoramaed.com/,Panorama Education,350,Improving education for every student.,Education,2026-08-11T09:04:05.286730Z
1.0,STARTUP,Y Combinator Directory,http://cratejoy.com,Cratejoy,51,Cratejoy is the platform for subscriptions,B2B,2026-08-11T09:04:05.574665Z
1.0,STARTUP,Y Combinator Directory,http://estimote.com,"Estimote, Inc.",40,Location intelligence platform,B2B,2026-08-11T09:04:05.443714Z
1.0,STARTUP,Y Combinator Directory,http://easypost.com,Easypost,51,The shipping infrastructure of the internet.,B2B,2026-08-11T09:04:06.386780Z
1.0,STARTUP,Y Combinator Directory,http://www.asseta.com,Asseta,4,Marketplace for industrial spare parts and capital equipment.,B2B,2026-08-11T09:04:06.165103Z
1.0,STARTUP,Y Combinator Directory,https://www.pervices.com,Per Vices,11,Building Mission Critical Software Defined Radio products.,Industrials,2026-08-11T09:04:06.059020Z
1.0,STARTUP,Y Combinator Directory,http://7cups.com,7Cups,11,7 Cups is an emotional support service that matches up people that…,Healthcare,2026-08-11T09:04:05.422213Z
1.0,STARTUP,Y Combinator Directory,http://simplyinsured.com,Simplyinsured,35,We sell health insurance to small businesses 100% online.,Healthcare,2026-08-11T09:04:07.876543Z
1.0,STARTUP,Y Combinator Directory,https://circuithub.com,Circuithub,58,On-Demand Electronics Manufacturing,Industrials,2026-08-11T09:04:05.995683Z
1.0,STARTUP,Y Combinator Directory,http://experiment.com,Experiment,1,crowdfunding platform for science,Healthcare,2026-08-11T09:04:06.108441Z
1.0,STARTUP,Y Combinator Directory,https://goradar.com,Radar,120,RADAR is building technology to completely transform the in-store…,B2B,2026-08-11T09:04:05.942210Z
1.0,STARTUP,Y Combinator Directory,http://lollipuff.com,Lollipuff,11,Online Auctions for Authentic (Women's) Designer Goods,Consumer,2026-08-11T09:04:07.232997Z
1.0,STARTUP,Y Combinator Directory,https://www.strikingly.com,Strikingly,99,"The easiest way to create a beautiful, mobile optimized website.",B2B,2026-08-11T09:04:04.993393Z
1.0,STARTUP,Y Combinator Directory,https://influxdata.com,Influxdata,210,The platform for building and operating time series applications.,B2B,2026-08-11T09:04:06.424408Z
1.0,STARTUP,Y Combinator Directory,https://etleap.com,Etleap,11,Etleap is an ETL solution for creating perfect data pipelines.,B2B,2026-08-11T09:04:05.107216Z
1.0,STARTUP,Y Combinator Directory,https://www.circuitlab.com/,Circuitlab,2,Online circuit simulator and electronic schematic editor.,B2B,2026-08-11T09:04:06.845414Z
1.0,STARTUP,Y Combinator Directory,http://thestyleup.com,Styleup,10,"StyleUp brings effortless joy to getting dressed with daily,…",Consumer,2026-08-11T09:04:06.428512Z
1.0,STARTUP,Y Combinator Directory,http://9gag.com,9Gag,36,Make the world happier.,Consumer,2026-08-11T09:04:06.367251Z
1.0,STARTUP,Y Combinator Directory,https://svbtle.com,Svbtle,2,A publishing platform.,Consumer,2026-08-11T09:04:06.204485Z
1.0,STARTUP,Y Combinator Directory,https://plivo.com,Plivo,320,"Voice AI Agents for customer engagement, including WhatsApp, SMS &…",B2B,2026-08-11T09:04:05.404186Z
1.0,STARTUP,Y Combinator Directory,https://doublerobotics.com,Double Robotics,11,Telepresence robots,B2B,2026-08-11T09:04:06.097444Z
1.0,STARTUP,Y Combinator Directory,http://vastrm.com,Vastrm,2,Mass customized active apparel. We are building a full turn key…,Consumer,2026-08-11T09:04:06.935550Z
1.0,STARTUP,Y Combinator Directory,http://flightfox.com,Flightfox,25,"A platform to plan, book and manage global and group travel.",B2B,2026-08-11T09:04:06.285293Z
1.0,STARTUP,Y Combinator Directory,https://www.submittable.com/,Submittable,302,"The best way to launch, manage and measure social impact programs",B2B,2026-08-11T09:04:05.197590Z
1.0,STARTUP,Y Combinator Directory,https://www.newsblur.com,Newsblur,1,NewsBlur is a personalized news reader,Consumer,2026-08-11T09:04:05.955213Z
1.0,STARTUP,Y Combinator Directory,https://octavewealth.com,Octavewealth,2,The 401(k) that helps you grow,B2B,2026-08-11T09:04:05.841076Z
1.0,STARTUP,Y Combinator Directory,http://www.upwave.com,Upwave,50,Marketing analytics for the world's biggest brand marketers,B2B,2026-08-11T09:04:08.236650Z
1.0,STARTUP,Y Combinator Directory,https://eligible.com,Eligible,1,Insurance Billing APIs for Healthcare Businesses,Healthcare,2026-08-11T09:04:06.656740Z
1.0,STARTUP,Y Combinator Directory,https://fundersclub.com/,Fundersclub,5,Online VC,Fintech,2026-08-11T09:04:06.718477Z
1.0,STARTUP,Y Combinator Directory,https://zentail.com,Zentail,30,We're making ecommerce simple connecting brands with sales channels,B2B,2026-08-11T09:04:05.982973Z
1.0,STARTUP,Y Combinator Directory,http://mattermost.com,Mattermost,120,Secure Collaboration for Technical Teams,B2B,2026-08-11T09:04:06.026511Z
1.0,STARTUP,Y Combinator Directory,http://humandx.org,Human Dx,11,The Human Diagnosis Project.,Healthcare,2026-08-11T09:04:07.671131Z
1.0,STARTUP,Y Combinator Directory,http://www.mthsense.com/,Mth Sense,11,We're a mobile on-device profiling and ad-serving platform initially…,B2B,2026-08-11T09:04:07.192390Z
1.0,STARTUP,Y Combinator Directory,https://vorelios.com,Vorelios,2,AI that simulates physics 1000x faster,B2B,2026-08-11T09:04:05.758562Z
1.0,STARTUP,Y Combinator Directory,https://twentyfour26.com/,Twentyfour26,2,On Demand CNC Prototyping,Industrials,2026-08-11T09:04:05.646428Z
1.0,STARTUP,Y Combinator Directory,https://www.useforward.co/,Forward,5,Unifying Global Private Credit,B2B,2026-08-11T09:04:05.699936Z
1.0,STARTUP,Y Combinator Directory,https://screenleap.com,Screenleap,4,One-click screen sharing with installation-free viewing on all devices,B2B,2026-08-11T09:04:06.209483Z
1.0,STARTUP,Y Combinator Directory,https://qokedas.com/,Qokedas,3,Teaching models to decode the physical world,B2B,2026-08-11T09:04:05.764646Z
1.0,STARTUP,Y Combinator Directory,https://www.buxfer.com,Buxfer,1,Buxfer helps you make better spending decisions by making it easy to…,Fintech,2026-08-11T09:04:07.520536Z
1.0,STARTUP,Y Combinator Directory,https://herdr.dev/,Herdr,1,building the open agent runtime,B2B,2026-08-11T09:04:05.748351Z
1.0,STARTUP,Y Combinator Directory,https://lambdarobotics.ai,Lambda Robotics,6,Robotics for AI Infrastructure,Industrials,2026-08-11T09:04:06.066019Z
1.0,STARTUP,Y Combinator Directory,http://virtualmin.com,Virtualmin,2,Y Combinator Startup,B2B,2026-08-11T09:04:06.623947Z
1.0,STARTUP,Y Combinator Directory,https://www.conifer.build,Conifer,3,Local-first least cost routing system to reduce 80%+ token spend,B2B,2026-08-11T09:04:06.033302Z
1.0,STARTUP,Y Combinator Directory,https://simantic.dev,Simantic,4,Firmware simulation for AI agents,B2B,2026-08-11T09:04:08.388733Z
1.0,STARTUP,Y Combinator Directory,https://experientiallabs.ai,Experiential Labs,2,Turn your AI spend into a cheaper + better model you own,B2B,2026-08-11T09:04:09.404078Z
1.0,STARTUP,Y Combinator Directory,https://edviroenergy.com,Edviro,2,Energy world models that fix energy waste before it becomes expensive.,B2B,2026-08-11T09:04:08.860021Z
1.0,STARTUP,Y Combinator Directory,http://coasty.ai/,Coasty,2,The computer-use agent that doesn't break on real software. We will…,B2B,2026-08-11T09:04:11.269434Z
1.0,STARTUP,Y Combinator Directory,https://caution.co,Caution,5,Hosting platform for software you don't want to get hacked,B2B,2026-08-11T09:04:09.097224Z
1.0,STARTUP,Y Combinator Directory,https://atomarine.co,Atomarine,2,Off shore nuclear powered data centers at sea.,Industrials,2026-08-11T09:04:08.620837Z
1.0,STARTUP,Y Combinator Directory,https://thebillow.ai/,Billow Ai Labs,1,AI-native Accounting Firm to Replace the Big-4,B2B,2026-08-11T09:04:08.532572Z
1.0,STARTUP,Y Combinator Directory,https://hardwareintelligence.ai,Hardware Intelligence,2,AI tools for the chips your AI runs on,B2B,2026-08-11T09:04:08.597819Z
1.0,STARTUP,Y Combinator Directory,https://osseus.ai/,Osseus,2,The intelligent development platform for robotics,B2B,2026-08-11T09:04:08.445510Z
1.0,STARTUP,Y Combinator Directory,https://salemroboticsinc.com,Salem Robotics Inc,2,"Deploying robots for inspections in hazardous spaces, like nuclear.",Industrials,2026-08-11T09:04:09.323349Z
1.0,STARTUP,Y Combinator Directory,https://robocurve.org,Robocurve,2,Evaluating robots in the real world.,Industrials,2026-08-11T09:04:08.363752Z
1.0,STARTUP,Y Combinator Directory,https://hiloop.ai,Hiloop,2,Infrastructure for recursive self-improvement,B2B,2026-08-11T09:04:08.612848Z
1.0,STARTUP,Y Combinator Directory,https://www.dawnxr.com,Dawn Industries,2,Automatic Diagnosis & Fix for Industrial Automation Cells,Industrials,2026-08-11T09:04:09.206272Z
1.0,STARTUP,Y Combinator Directory,https://nex.ai,Nex,5,Claude Cowork for GTM Automations,B2B,2026-08-11T09:04:08.524080Z
1.0,STARTUP,Y Combinator Directory,https://onecli.sh,Onecli,1,The Identity Gateway for AI Agents,B2B,2026-08-11T09:04:10.500374Z
1.0,STARTUP,Y Combinator Directory,https://wondering.app,Wondering,2,"Duolingo for learning anything, but 10x better",Consumer,2026-08-11T09:04:08.530067Z
1.0,STARTUP,Y Combinator Directory,https://tracerml.ai,Tracer,1,Combining open-source AI models for better answers at lower cost,B2B,2026-08-11T09:04:08.623837Z
1.0,STARTUP,Y Combinator Directory,https://amulet.so/,Amulet,2,High performance file system for agents,B2B,2026-08-11T09:04:08.551285Z
1.0,STARTUP,Y Combinator Directory,https://avocasystems.com,Avoca Systems,8,The AI-powered operating system for radiology networks,Healthcare,2026-08-11T09:04:09.599667Z
1.0,STARTUP,Y Combinator Directory,https://subvysion.com,Subvysion,2,We help contractors dig safer with 3D maps of underground…,Real Estate and Construction,2026-08-11T09:04:08.729710Z
1.0,STARTUP,Y Combinator Directory,https://spaceflow.tech,"Spaceflow Technologies, Inc.",4,The managed runtime for enterprise AI agents,B2B,2026-08-11T09:04:08.505058Z
1.0,STARTUP,Y Combinator Directory,https://petrarch.co/,Petrarch,3,Unlocking enterprise data for tomorrow's economy,B2B,2026-08-11T09:04:08.576476Z
1.0,STARTUP,Y Combinator Directory,https://locke.inc,Locke,2,Builders of the first AI-native government affairs firm.,B2B,2026-08-11T09:04:08.907651Z
1.0,STARTUP,Y Combinator Directory,https://florin.inc,Florin,3,Florin is the insurance carrier with zero underwriters,Fintech,2026-08-11T09:04:08.627821Z
1.0,STARTUP,Y Combinator Directory,https://earendil.io,Earendil Robotics,7,Drone swarm defence at a small-unit level,Industrials,2026-08-11T09:04:08.665068Z
1.0,STARTUP,Y Combinator Directory,https://hebbianrobotics.com/,Hebbian Robotics,2,APIs for searching and analyzing Physical AI data at scale,Industrials,2026-08-11T09:04:08.573476Z
1.0,STARTUP,Y Combinator Directory,https://hop-aero.com,Hop Aero,6,Rocket cargo delivery to contested environments,Industrials,2026-08-11T09:04:09.458591Z
1.0,STARTUP,Y Combinator Directory,https://www.agentfm.ai/,Agent Fm,2,One group chat to hear and steer your coding agents.,B2B,2026-08-11T09:04:08.874023Z
1.0,STARTUP,Y Combinator Directory,https://www.openrelay.inc,Openrelay,2,"Distributed, hardware-agnostic AI inference",B2B,2026-08-11T09:04:09.572832Z
1.0,STARTUP,Y Combinator Directory,https://trydock.ai,Dock,2,Multiplayer agent workspace to run your company,B2B,2026-08-11T09:04:09.951239Z
1.0,STARTUP,Y Combinator Directory,https://verdictmachine.com,Verdict Machine,4,AI cybersecurity for financial institutions' digital assets,B2B,2026-08-11T09:04:08.980138Z
1.0,STARTUP,Y Combinator Directory,http://hyperprobe.co,Hyperprobe,8,Your coding agent writes code. Now let it fix prod too.,B2B,2026-08-11T09:04:10.189518Z
1.0,STARTUP,Y Combinator Directory,https://www.griprobotics.ai,Grip,4,Physical AI for waste management,Industrials,2026-08-11T09:04:09.329475Z
1.0,STARTUP,Y Combinator Directory,https://skymerse.com,Skymerse,1,Autopilot for Flight Operations,Industrials,2026-08-11T09:04:09.702172Z
1.0,STARTUP,Y Combinator Directory,https://hubble.ai/,Hubble,2,The intelligence layer for patient information,Healthcare,2026-08-11T09:04:09.255250Z
1.0,STARTUP,Y Combinator Directory,https://83sciences.ai,83 Sciences,3,AI-native materials discovery powered by unpublished experimental data,Industrials,2026-08-11T09:04:08.998501Z
1.0,STARTUP,Y Combinator Directory,https://chromie.dev,Chromie,2,"find, qualify, & win contracts with AI",B2B,2026-08-11T09:04:09.655012Z
1.0,STARTUP,Y Combinator Directory,http://lamb-labs.com,Lamb Labs,1,World's fastest AI models,B2B,2026-08-11T09:04:09.472684Z
1.0,STARTUP,Y Combinator Directory,https://www.mireye.com/,Mireye,2,Infrastructure for Physical World AI Agents,B2B,2026-08-11T09:04:08.974142Z
1.0,STARTUP,Y Combinator Directory,http://usederya.com,Derya,2,AI-Native Logistics Office,B2B,2026-08-11T09:04:10.342317Z
1.0,STARTUP,Y Combinator Directory,https://decawork.ai/,Decawork,2,The Agent Control Plane for IT teams,B2B,2026-08-11T09:04:09.017499Z
1.0,STARTUP,Y Combinator Directory,https://www.trycarsignal.com,Carsignal,2,The Smart Operating System for Auto Shops.,B2B,2026-08-11T09:04:10.554121Z
1.0,STARTUP,Y Combinator Directory,https://axelrod.live/,Axelrod,2,Boutique Hotels that run themselves,B2B,2026-08-11T09:04:08.864021Z
1.0,STARTUP,Y Combinator Directory,https://levocred.com/,Levocred Ai,2,"AI for credit funds, fintechs and banks",Fintech,2026-08-11T09:04:09.690223Z
1.0,STARTUP,Y Combinator Directory,https://www.praxisrobotics.io,Praxis Ai,3,Turns every company into a data vendor,Industrials,2026-08-11T09:04:08.896420Z
1.0,STARTUP,Y Combinator Directory,https://caregp.com.au/,Care Gp,10,AI agents to run primary healthcare operations,Healthcare,2026-08-11T09:04:10.214082Z
1.0,STARTUP,Y Combinator Directory,https://radley.health/,Radley,2,"AI-native, full-stack radiology practice",Healthcare,2026-08-11T09:04:09.525683Z
1.0,STARTUP,Y Combinator Directory,https://agnost.ai,Agnost Ai,2,Product analytics for AI Agents,B2B,2026-08-11T09:04:09.102223Z
1.0,STARTUP,Y Combinator Directory,https://agentcard.sh,Agentcard,1,debit cards for AI agents.,Fintech,2026-08-11T09:04:10.707298Z
1.0,STARTUP,Y Combinator Directory,https://provenmetal.com,Provenmetal,4,"Fast-turn, American made PCBs",Industrials,2026-08-11T09:04:08.966372Z
1.0,STARTUP,Y Combinator Directory,https://gamgee.io/,Gamgee,2,Scalable Personalised Cancer Treatment,Healthcare,2026-08-11T09:04:10.004863Z
1.0,STARTUP,Y Combinator Directory,https://inkbox.ai,Inkbox,3,"Let your agents communicate via email, phone, iMessage, & Agent2Agent",B2B,2026-08-11T09:04:09.652012Z
1.0,STARTUP,Y Combinator Directory,https://operonsolutions.com/en,Operon,1,Agentic data layer for manufacturing & process industries.,Industrials,2026-08-11T09:04:09.811917Z
1.0,STARTUP,Y Combinator Directory,https://www.cosmicrobotics.com/,Cosmic Robotics,8,Autonomous construction on Earth and beyond,Industrials,2026-08-11T09:04:09.170040Z
1.0,STARTUP,Y Combinator Directory,https://www.markovstudios.com/,Markov,2,Data for computer-use ai,B2B,2026-08-11T09:04:09.094226Z
1.0,STARTUP,Y Combinator Directory,https://lumeria.skin,Lumeria,3,Oura Ring for Skin.,Healthcare,2026-08-11T09:04:09.103309Z
1.0,STARTUP,Y Combinator Directory,https://marengox.com,Marengo,3,"Automating engineering design, starting with data centers.",Industrials,2026-08-11T09:04:09.199177Z
1.0,STARTUP,Y Combinator Directory,https://ronanrx.com/,Ronanrx Inc.,5,We use AI to personalize peptides to your biology,Healthcare,2026-08-11T09:04:09.448591Z
1.0,STARTUP,Y Combinator Directory,https://executor.sh,Executor,1,The open source integration management layer for AI.,B2B,2026-08-11T09:04:09.594488Z
1.0,STARTUP,Y Combinator Directory,https://lastaccountingcompany.com/,Last Accounting Company,4,Agent-native accounting firm.,B2B,2026-08-11T09:04:08.934820Z
1.0,STARTUP,Y Combinator Directory,https://gopacific.ai/,Pacific,2,Mass-producing and deploying micro data centers for Earth and Space,Industrials,2026-08-11T09:04:09.345083Z
1.0,STARTUP,Y Combinator Directory,https://lucaiq.com/,Luca Iq,5,API First Tax Calculator for CPAs,B2B,2026-08-11T09:04:09.251288Z
1.0,STARTUP,Y Combinator Directory,https://financialdatasets.ai/,Financial Datasets,1,Connect your agent to the stock market,B2B,2026-08-11T09:04:10.823717Z
1.0,STARTUP,Y Combinator Directory,https://getcomputable.com,Computable,2,"Buy, sell, and redeem GPU hours for any week with instant liquidity",Fintech,2026-08-11T09:04:09.907493Z
1.0,STARTUP,Y Combinator Directory,https://trydenta.com,Denta,1,The dental practice that runs itself,Healthcare,2026-08-11T09:04:10.869238Z
1.0,STARTUP,Y Combinator Directory,http://isengardindustries.com/,Isengard Industries Inc,30,Mass-produced AI strike systems and Counter-UAS,Industrials,2026-08-11T09:04:10.812545Z
1.0,STARTUP,Y Combinator Directory,https://ekholabs.com/,Ekho Labs,1,Decisions for disrupted freight,B2B,2026-08-11T09:04:09.381171Z
1.0,STARTUP,Y Combinator Directory,https://vestris.ai/,Vestris,2,AI native platform for real estate closings,Real Estate and Construction,2026-08-11T09:04:09.991885Z
1.0,STARTUP,Y Combinator Directory,https://ultrasonium.com/,Ultrasonium,17,"Manufacturing the metal parts the world runs on faster, cheaper, safer",Industrials,2026-08-11T09:04:09.697741Z
1.0,STARTUP,Y Combinator Directory,https://www.arbital.xyz,Arbital,3,"The trading terminal for perps, memes, and stocks.",Fintech,2026-08-11T09:04:09.270247Z
1.0,STARTUP,Y Combinator Directory,https://www.pokerclubhub.com,Pokerclubhub,1,Host a Poker Club and Make Money,Consumer,2026-08-11T09:04:10.534913Z
1.0,STARTUP,Y Combinator Directory,https://neuronindustries.com,Neuron Industries,2,Industrial Controllers built for AI,Industrials,2026-08-11T09:04:09.556383Z
1.0,STARTUP,Y Combinator Directory,https://www.neuromorphic.vision/,Neuromorphic,3,Building embodiment agnostic robot brains.,Industrials,2026-08-11T09:04:09.310257Z
1.0,STARTUP,Y Combinator Directory,https://www.latolabs.io/,Lato,2,Agent-native research and simulation platform for investors,B2B,2026-08-11T09:04:09.283336Z
1.0,STARTUP,Y Combinator Directory,https://www.risklytics.ai/,Risklytics,2,Commercial Insurance Brokerage for Frontier Tech,Fintech,2026-08-11T09:04:09.464590Z
1.0,STARTUP,Y Combinator Directory,https://www.daqstra.com,Daqstra,3,AI-native orchestration for physical R&D testing,B2B,2026-08-11T09:04:09.474699Z
1.0,STARTUP,Y Combinator Directory,https://www.getqlo.com/,Qlo,2,AI that automates underwriting for commercial insurance carriers,Fintech,2026-08-11T09:04:09.440591Z
1.0,STARTUP,Y Combinator Directory,https://fabraix.com,Fabraix,2,The world's frontier hacker for AI agents.,B2B,2026-08-11T09:04:09.204174Z
1.0,STARTUP,Y Combinator Directory,https://omanta.com/,Omanta,4,A research lab for one,Healthcare,2026-08-11T09:04:09.495681Z
1.0,STARTUP,Y Combinator Directory,https://rational.to,Rational,2,AI Employees for Accounting,B2B,2026-08-11T09:04:09.393080Z
1.0,STARTUP,Y Combinator Directory,https://aktoria.com/,Aktoria Robotics,2,Human as API for robots,Industrials,2026-08-11T09:04:09.367204Z
1.0,STARTUP,Y Combinator Directory,https://vendo.run/,Vendo,2,Let your users build their own features on top of your product,B2B,2026-08-11T09:04:09.410076Z
1.0,STARTUP,Y Combinator Directory,https://www.useclick.ai,Click,1,Web search & connectors for agents,B2B,2026-08-11T09:04:10.478351Z
1.0,STARTUP,Y Combinator Directory,https://whitespacehq.ai/,Whitespace,2,AI Operating System for Wholesale Distributors,B2B,2026-08-11T09:04:10.324323Z
1.0,STARTUP,Y Combinator Directory,https://www.orvixo.ai/,Orvixo,2,AI advanced planning and optimisation for manufacturers.,Industrials,2026-08-11T09:04:09.585488Z
1.0,STARTUP,Y Combinator Directory,http://bluefroggaming.com,Blue Frog Gaming,11,Y Combinator Startup,Consumer,2026-08-11T09:04:09.768993Z
1.0,STARTUP,Y Combinator Directory,https://usealmanac.com,Almanac,1,The AI that knows your company,B2B,2026-08-11T09:04:09.712090Z
1.0,STARTUP,Y Combinator Directory,https://tarebio.com/,Tarebio,1,Vaccines for any cancer or infection in weeks.,Healthcare,2026-08-11T09:04:09.717090Z
1.0,STARTUP,Y Combinator Directory,https://greypointindustries.com/,Greypoint Industries,4,Manufacturing the future of autonomous swarm warfare.,Industrials,2026-08-11T09:04:10.445352Z
1.0,STARTUP,Y Combinator Directory,https://www.graphify.com/,Graphify Labs,2,On-device knowledge graph engine for enterprises,B2B,2026-08-11T09:04:10.303320Z
1.0,STARTUP,Y Combinator Directory,https://ooakdata.com/,Ooak Data,5,We build the world's largest library of real-world business workflow…,B2B,2026-08-11T09:04:09.756539Z
1.0,STARTUP,Y Combinator Directory,http://norirobotics.com,Nori,5,Affordable robot you can teach to do anything,Industrials,2026-08-11T09:04:10.719295Z
1.0,STARTUP,Y Combinator Directory,https://6thsense.dev,6Thsense,1,A nervous system for physical AI,Industrials,2026-08-11T09:04:10.013868Z
1.0,STARTUP,Y Combinator Directory,https://bloomylearning.com/,Bloomy,1,AI-powered mastery learning for K-12,Education,2026-08-11T09:04:10.370320Z
1.0,STARTUP,Y Combinator Directory,https://machine0.io,Machine0,1,Cloud computers for AI agents,B2B,2026-08-11T09:04:09.843430Z
1.0,STARTUP,Y Combinator Directory,https://talentpluto.com,Pluto,5,AI voice agent that helps professionals get discovered,Consumer,2026-08-11T09:04:09.917460Z
1.0,STARTUP,Y Combinator Directory,https://flowmanual.com/,Flowmanual,2,AI for Construction's Back Office.,Real Estate and Construction,2026-08-11T09:04:10.299331Z
1.0,STARTUP,Y Combinator Directory,https://stratumindustries.co/,Stratum Industries,2,AI agents that clear the U.S. government backlog.,Government,2026-08-11T09:04:09.758539Z
1.0,STARTUP,Y Combinator Directory,https://peer-freight.com,Peer,2,AI-native freight brokerage,B2B,2026-08-11T09:04:10.406828Z
1.0,STARTUP,Y Combinator Directory,https://molagri.com,Molagri,4,Resistance free pesticides.,Industrials,2026-08-11T09:04:09.874431Z
1.0,STARTUP,Y Combinator Directory,https://www.cerenovus.ai/,Cerenovus,5,A knowledge company,B2B,2026-08-11T09:04:09.721282Z
1.0,STARTUP,Y Combinator Directory,https://agencytool.com,Agency Tool Company,3,"Reliable infrastructure to build, deploy and manage real-world robots.",Industrials,2026-08-11T09:04:10.433389Z
1.0,STARTUP,Y Combinator Directory,https://standardmachines.com,Standard Machines,1,RL Environments For Chip Design,B2B,2026-08-11T09:04:10.578150Z
1.0,STARTUP,Y Combinator Directory,https://www.traceforce.ai,Traceforce,2,Securing AI native apps directly on devices,B2B,2026-08-11T09:04:09.969340Z
1.0,STARTUP,Y Combinator Directory,https://www.usedefinite.com,Definite,3,Build everyday back-office agents on one live model of your books,B2B,2026-08-11T09:04:10.829597Z
1.0,STARTUP,Y Combinator Directory,https://alkera.ai,Alkera Ai,3,Reliable and safe data engineering and data science agents,B2B,2026-08-11T09:04:11.464143Z
1.0,STARTUP,Y Combinator Directory,https://www.rasyn.ai/,Rasyn,1,Towards a General Intelligence for Chemistry,Healthcare,2026-08-11T09:04:09.830920Z
1.0,STARTUP,Y Combinator Directory,https://www.manifoldindustries.ai/,Manifold,2,"Low-cost, deployment-ready robotic labor for warehouses",Industrials,2026-08-11T09:04:09.867429Z
1.0,STARTUP,Y Combinator Directory,https://screenpipe.com,Screenpipe,2,"AI powered by everything you've seen, said or heard",B2B,2026-08-11T09:04:10.459353Z
1.0,STARTUP,Y Combinator Directory,https://zaplar.com,Zaplar,8,Agentic Hotel Operating System,B2B,2026-08-11T09:04:09.805916Z
1.0,STARTUP,Y Combinator Directory,https://prodigy.markets,Prodigy Research,2,Training the world's best foundation model for quantitative finance.,Fintech,2026-08-11T09:04:10.017950Z
1.0,STARTUP,Y Combinator Directory,https://touchmark.ai,Touchmark,2,Market for future inference capacity,B2B,2026-08-11T09:04:10.336311Z
1.0,STARTUP,Y Combinator Directory,https://www.exosat.com,Exosat,1,Building a sovereign Starlink,Industrials,2026-08-11T09:04:09.995891Z
1.0,STARTUP,Y Combinator Directory,https://codag.ai/,Codag,1,Log compression for agents.,B2B,2026-08-11T09:04:10.234840Z
1.0,STARTUP,Y Combinator Directory,https://context.dev,Context.Dev,1,We give AI agents realtime web context.,B2B,2026-08-11T09:04:11.162995Z
1.0,STARTUP,Y Combinator Directory,https://www.tryglen.com/,Glean,1,Unified organizational context for agents and humans,B2B,2026-08-11T09:04:10.072190Z
1.0,STARTUP,Y Combinator Directory,https://www.stoaexchange.com,Stoa,3,The market behind AI hardware.,Fintech,2026-08-11T09:04:10.468352Z
1.0,STARTUP,Y Combinator Directory,https://joinmarble.ai/,Marble,2,The autonomous back-of-house for restaurants.,B2B,2026-08-11T09:04:10.133346Z
1.0,STARTUP,Y Combinator Directory,https://www.getaudun.com/,Audun,4,AI-native debt collection,Fintech,2026-08-11T09:04:10.422387Z
1.0,STARTUP,Y Combinator Directory,https://www.getcoach.com/,Coach,4,The AI Coach for in person sales reps.,B2B,2026-08-11T09:04:10.226092Z
1.0,STARTUP,Y Combinator Directory,https://www.alloovium.com/en,Alloovium,5,Construction paperwork that finally works for your team,Real Estate and Construction,2026-08-11T09:04:10.221090Z
1.0,STARTUP,Y Combinator Directory,https://www.dialoguslabs.com/,Dialogus,3,Infra for enterprise voice agents.,B2B,2026-08-11T09:04:10.953191Z
1.0,STARTUP,Y Combinator Directory,https://mosaic.inc,Mosaic,2,Defining the frontier of multiplayer AI.,B2B,2026-08-11T09:04:10.137909Z
1.0,STARTUP,Y Combinator Directory,https://bizmark.ai,Bizmark,2,"The OS for companies that make, move, or sell physical goods",B2B,2026-08-11T09:04:10.208190Z
1.0,STARTUP,Y Combinator Directory,https://riften.ai,Riften,1,Earned Intelligence for every company.,B2B,2026-08-11T09:04:10.758554Z
1.0,STARTUP,Y Combinator Directory,https://heybuildbox.com,Buildbox,2,Understand how users experience your AI agents,B2B,2026-08-11T09:04:10.158906Z
1.0,STARTUP,Y Combinator Directory,https://realpact.ai,Realpact,3,AI-native OS for Real Estate Brokerages,Real Estate and Construction,2026-08-11T09:04:10.127362Z
1.0,STARTUP,Y Combinator Directory,https://www.guildai.co,Guild,2,Making aerospace parts faster and cheaper for defense,Industrials,2026-08-11T09:04:10.402820Z
1.0,STARTUP,Y Combinator Directory,https://www.floracene.com/,Floracene,2,Optimized medical device purchasing for independent providers,Healthcare,2026-08-11T09:04:10.338362Z
1.0,STARTUP,Y Combinator Directory,https://rise-reforming.com/home,Rise Reforming,4,We turn waste gases into valuable supply-secure chemicals,Industrials,2026-08-11T09:04:11.745675Z
1.0,STARTUP,Y Combinator Directory,https://instaplay.ai,Instaplay,3,"AI-Native Social Platform, Starting with Games",Consumer,2026-08-11T09:04:10.940599Z
1.0,STARTUP,Y Combinator Directory,https://www.verdantapp.com/,Verdant,2,AI-native land-use permit management for local gov,Government,2026-08-11T09:04:10.541927Z
1.0,STARTUP,Y Combinator Directory,https://www.impact-drones.com,Impact Drones,2,Air Defense as a Service for Civilian Infrastructure.,Industrials,2026-08-11T09:04:10.383320Z
1.0,STARTUP,Y Combinator Directory,https://www.insurf.io,Insurf,2,The AI-Native Decision Infrastructure for Health Insurance,Healthcare,2026-08-11T09:04:12.051454Z
1.0,STARTUP,Y Combinator Directory,https://jcode.sh/,Jcode,1,"20x more coding agents, 20x more productivity",Consumer,2026-08-11T09:04:10.398318Z
1.0,STARTUP,Y Combinator Directory,https://www.lemonlime.ai/,Lemonlime,5,No-code AI that learns your business and self-creates automations.,B2B,2026-08-11T09:04:11.587659Z
1.0,STARTUP,Y Combinator Directory,https://gutgutgoose.com/,Gutgutgoose,2,"Personalized probiotics, guaranteed to colonize.",Healthcare,2026-08-11T09:04:10.504351Z
1.0,STARTUP,Y Combinator Directory,https://speko.ai/?utm_source=ycombinator&utm_medium=profile,Speko,4,OpenRouter for voice AI,B2B,2026-08-11T09:04:10.596119Z
1.0,STARTUP,Y Combinator Directory,https://synapsesemi.org,Synapse Semiconductor,2,Collapsing the edge AI vision hardware stack into one wafer,Industrials,2026-08-11T09:04:11.045744Z
1.0,STARTUP,Y Combinator Directory,https://understudylabs.com/,Understudy Labs,2,Effortlessly move to open weight models,B2B,2026-08-11T09:04:10.411821Z
1.0,STARTUP,Y Combinator Directory,https://tryrote.com/,Rote,1,AI-native insurance department for auto body shops,B2B,2026-08-11T09:04:11.330537Z
1.0,STARTUP,Y Combinator Directory,https://prized.dev,Prized,2,Lovable for internal tools,B2B,2026-08-11T09:04:10.693130Z
1.0,STARTUP,Y Combinator Directory,https://www.maingen.ai/,Maingen,2,RL environments for industrial operations,Industrials,2026-08-11T09:04:11.080811Z
1.0,STARTUP,Y Combinator Directory,https://enact.company,Enact,2,The post-training layer for robotics.,Industrials,2026-08-11T09:04:10.568128Z
1.0,STARTUP,Y Combinator Directory,https://www.rex.inc,Rex,2,AI Operations Partner for Enterprise Order to Cash,B2B,2026-08-11T09:04:10.741468Z
1.0,STARTUP,Y Combinator Directory,https://zommalabs.com,Zomma,5,Computer Use Agents for back offices in finance,B2B,2026-08-11T09:04:11.371286Z
1.0,STARTUP,Y Combinator Directory,https://nebusec.ai,Nebula Security,4,Building Mythos for everyone,B2B,2026-08-11T09:04:10.625143Z
1.0,STARTUP,Y Combinator Directory,https://karalabs.ai/,Kara,3,Making diamond an engineering material,Industrials,2026-08-11T09:04:11.530508Z
1.0,STARTUP,Y Combinator Directory,https://trope.ai,Trope,2,The AI-native ERP system integrator,B2B,2026-08-11T09:04:11.360314Z
1.0,STARTUP,Y Combinator Directory,https://parasma.com,Parasma,1,Training human brain cells for AI compute,B2B,2026-08-11T09:04:10.487351Z
1.0,STARTUP,Y Combinator Directory,https://belvedir.ai/,Belvedir,1,The easiest way to make private AI models.,B2B,2026-08-11T09:04:10.766554Z
1.0,STARTUP,Y Combinator Directory,https://olamlabs.ai,Olam Labs,2,Building multi-agent simulations for model evals and training.,B2B,2026-08-11T09:04:10.971713Z
1.0,STARTUP,Y Combinator Directory,https://ego.ist/,Egoist Machines,2,User-owned memory and preferences that work across every AI app,Consumer,2026-08-11T09:04:10.604117Z
1.0,STARTUP,Y Combinator Directory,https://perceptronml.com,Perceptron Ml,2,We make law firms AI-native.,B2B,2026-08-11T09:04:10.701653Z
1.0,STARTUP,Y Combinator Directory,https://erinys.ai,Erinys,3,Building the first network of AI-native law firms,B2B,2026-08-11T09:04:10.992351Z
1.0,STARTUP,Y Combinator Directory,https://www.manufacturingintelligence.org,Hera,2,Hera catches thousand dollar errors before they hit the shop floor.,Industrials,2026-08-11T09:04:10.778537Z
1.0,STARTUP,Y Combinator Directory,https://donkey.trade,Donkey,7,The AI-native trading company: China factory-direct for US importers,B2B,2026-08-11T09:04:10.662611Z
1.0,STARTUP,Y Combinator Directory,https://opentrade.live/,Opentrade,3,The new interface for investing.,Consumer,2026-08-11T09:04:12.065373Z
1.0,STARTUP,Y Combinator Directory,http://cleverdeck.com,Cleverdeck,1,Collaborate with an artist to commission original artwork you'll live…,Education,2026-08-11T09:04:12.882507Z
1.0,STARTUP,Y Combinator Directory,https://pango.ai/,Pango,5,Agentic OS for e-commerce operations,B2B,2026-08-11T09:04:10.916201Z
1.0,STARTUP,Y Combinator Directory,https://www.tash.cards/,Tash,4,The investment platform for sports & trading cards,Consumer,2026-08-11T09:04:12.004623Z
1.0,STARTUP,Y Combinator Directory,https://www.usetorus.com,Torus,5,Legora for physical engineering firms,Industrials,2026-08-11T09:04:11.320515Z
1.0,STARTUP,Y Combinator Directory,https://kebra.com,Kebra,2,Make your field service company AI-native,B2B,2026-08-11T09:04:11.659912Z
1.0,STARTUP,Y Combinator Directory,https://git.cafe,Gitcafe,2,GitCafe is a modern replacement for GitHub.,B2B,2026-08-11T09:04:11.911885Z
1.0,STARTUP,Y Combinator Directory,https://runinfra.ai/,Rightnow,2,Enabling Model-Hardware Co-Design at Scale,B2B,2026-08-11T09:04:11.052196Z
1.0,STARTUP,Y Combinator Directory,https://akkari.io/,Akkari,5,Autonomous Customer Operations,B2B,2026-08-11T09:04:10.883639Z
1.0,STARTUP,Y Combinator Directory,https://heyclicky.com/,Heyclicky,1,The simplest interface in the world to talk AI models + spawn agents,Consumer,2026-08-11T09:04:11.676004Z
1.0,STARTUP,Y Combinator Directory,https://rindler.ai,Rindler,2,The translation layer between AI agents and the web,B2B,2026-08-11T09:04:11.186545Z
1.0,STARTUP,Y Combinator Directory,https://www.propriorobotics.com/,Proprio Robotics,2,Building autonomous data centers,Industrials,2026-08-11T09:04:10.913236Z
1.0,STARTUP,Y Combinator Directory,https://www.huscarl.io/,Huscarl,2,AI-native actuary enabling self-insurance for corporations,Fintech,2026-08-11T09:04:10.932292Z
1.0,STARTUP,Y Combinator Directory,https://madebythomas.ai,Thomas,2,The first AI founder: a virtual human who runs his own companies.,B2B,2026-08-11T09:04:10.938518Z
1.0,STARTUP,Y Combinator Directory,https://cohesionplatform.com/,Cohesion,3,Agents that automate research for institutional investors,B2B,2026-08-11T09:04:10.812545Z
1.0,STARTUP,Y Combinator Directory,https://www.maquoketa.net,Maquoketa Research,5,The intelligence layer for drones,Industrials,2026-08-11T09:04:12.137967Z
1.0,STARTUP,Y Combinator Directory,https://intelligence-factory.com,Intelligence Factory,5,Human Intelligence for Robots,Industrials,2026-08-11T09:04:11.829585Z
1.0,STARTUP,Y Combinator Directory,https://www.amorphiclabs.com,Amorphic Labs,2,"Agentic, Personalized Product Demo Videos for Sales",B2B,2026-08-11T09:04:11.260437Z
1.0,STARTUP,Y Combinator Directory,https://rekursiv.ai,Rekursiv.Ai,2,Scale AI scientists whose own breakthroughs accelerate the next.,B2B,2026-08-11T09:04:11.290528Z
1.0,STARTUP,Y Combinator Directory,https://clawvisor.com,Clawvisor,1,The Authorization Layer for AI Agents,B2B,2026-08-11T09:04:11.206350Z
1.0,STARTUP,Y Combinator Directory,https://framewisehealth.com,Framewise Health,2,AI-native patient engagement,Healthcare,2026-08-11T09:04:11.667906Z
1.0,STARTUP,Y Combinator Directory,https://arctic.health,Arctic Health,4,AI-native credentialing and contracting for healthcare,Healthcare,2026-08-11T09:04:11.006969Z
1.0,STARTUP,Y Combinator Directory,https://playabl.ai,Playabl.Ai,10,TikTok for User-generated Games,Consumer,2026-08-11T09:04:11.709545Z
1.0,STARTUP,Y Combinator Directory,https://www.enjamb.ai,Enjamb Labs,2,"Where drug teams run their entire program, discovery to FDA approval",B2B,2026-08-11T09:04:11.233455Z
1.0,STARTUP,Y Combinator Directory,https://heyhyper.ai,Hyper,2,Company brain that powers your AI employees,B2B,2026-08-11T09:04:11.703542Z
1.0,STARTUP,Y Combinator Directory,https://insforge.dev/,Insforge,6,The agent-native AWS,B2B,2026-08-11T09:04:11.735603Z
1.0,STARTUP,Y Combinator Directory,https://reasonblocks.com/,Reasonblocks,2,The runtime layer that makes AI agents cheaper and more reliable,B2B,2026-08-11T09:04:11.350288Z
1.0,STARTUP,Y Combinator Directory,https://getmodern.ai,Modern,2,Modern - the ServiceNow killer,B2B,2026-08-11T09:04:12.328129Z
1.0,STARTUP,Y Combinator Directory,https://withpanacea.com,Panacea,2,AI-Native FDA Regulatory Services,Healthcare,2026-08-11T09:04:11.231431Z
1.0,STARTUP,Y Combinator Directory,https://centralcoms.com,Centralcoms,2,AI agent platform for home services companies.,Real Estate and Construction,2026-08-11T09:04:11.764662Z
1.0,STARTUP,Y Combinator Directory,https://kugelaudio.com/en,Kugelaudio,4,Kugel is an on-prem Voice AI model supporting 30+ languages,B2B,2026-08-11T09:04:12.722305Z
1.0,STARTUP,Y Combinator Directory,https://www.klaimee.ai,Klaimee,2,"Liability insurance for AI Agents. You deploy agents, we cover you.",Fintech,2026-08-11T09:04:11.546150Z
1.0,STARTUP,Y Combinator Directory,https://flowscope.com,Flowscope,2,AI-native consulting to map and automate business processes,B2B,2026-08-11T09:04:12.812923Z
1.0,STARTUP,Y Combinator Directory,https://tridentsecurity.io/,Trident,4,Agents that find real exploitable vulnerabilities in your company,B2B,2026-08-11T09:04:11.101466Z
1.0,STARTUP,Y Combinator Directory,https://gigacatalyst.com/,Gigacatalyst,4,Let software users build new features with our in-app AI agents,B2B,2026-08-11T09:04:11.246436Z
1.0,STARTUP,Y Combinator Directory,https://arlo1.com/,Arlo Industries,3,"Track drones and missiles without radars - Accurate, Passive, Scalable",Industrials,2026-08-11T09:04:11.113428Z
1.0,STARTUP,Y Combinator Directory,https://www.latticehealthai.com/,Lattice Health,1,Monitoring and governance for deployed medical imaging AI,Healthcare,2026-08-11T09:04:11.122478Z
1.0,STARTUP,Y Combinator Directory,https://atlasdiscovery.bio,Atlas Discovery,3,Predicting human response to drugs in clinical trials,Healthcare,2026-08-11T09:04:11.225347Z
1.0,STARTUP,Y Combinator Directory,https://www.avearobotics.com,Avea Robotics,2,The human-in-the-loop system for robots,Industrials,2026-08-11T09:04:11.351269Z
1.0,STARTUP,Y Combinator Directory,https://asendia.ai/,Asendia Ai,3,AI recruiters for staffing agencies,B2B,2026-08-11T09:04:11.902884Z
1.0,STARTUP,Y Combinator Directory,https://ardentech.ai/,Arden,2,AI-native internal audit firm,B2B,2026-08-11T09:04:11.685112Z
1.0,STARTUP,Y Combinator Directory,https://agentphone.ai/,Agentphone,2,Phone Numbers for AI Agents,B2B,2026-08-11T09:04:11.756716Z
1.0,STARTUP,Y Combinator Directory,https://www.arzana.com/,Arzana,6,The autonomous ERP for every manufacturer,B2B,2026-08-11T09:04:11.301521Z
1.0,STARTUP,Y Combinator Directory,https://www.useauxos.com,Auxos,3,Simulations of real people for market research,B2B,2026-08-11T09:04:13.115755Z
1.0,STARTUP,Y Combinator Directory,https://apolloatomics.com/,"Apollo Atomics, Inc.",1,We make the most compact nuclear reactors,Industrials,2026-08-11T09:04:12.572294Z
1.0,STARTUP,Y Combinator Directory,https://www.asterlab.ai/,Aster,2,Automating open-ended research.,B2B,2026-08-11T09:04:12.198949Z
1.0,STARTUP,Y Combinator Directory,https://amboras.com,Amboras,3,AI Native Shopify,B2B,2026-08-11T09:04:12.082064Z
1.0,STARTUP,Y Combinator Directory,https://aquashieldai.com,Aquashield,3,AI water leak detection for buildings,Real Estate and Construction,2026-08-11T09:04:11.576564Z
1.0,STARTUP,Y Combinator Directory,https://www.anoria.com,Anoria,5,The first wearable that reads your emotions to enhance your EQ.,Consumer,2026-08-11T09:04:11.436094Z
1.0,STARTUP,Y Combinator Directory,https://www.abinitio-bio.com,Abinitio Bio,2,The Intelligence layer for Drug Manufacturing,Healthcare,2026-08-11T09:04:12.278086Z
1.0,STARTUP,Y Combinator Directory,https://tryardent.com,Ardent,3,Database sandboxes for Agents,B2B,2026-08-11T09:04:12.130359Z
1.0,STARTUP,Y Combinator Directory,https://www.aseonlabs.com/,Aseon Labs,5,Robotic pitstops for self-driving cars,Industrials,2026-08-11T09:04:12.238980Z
1.0,STARTUP,Y Combinator Directory,https://armature.tech,Armature,3,Improve how users experience your product through AI Agents,B2B,2026-08-11T09:04:11.515187Z
1.0,STARTUP,Y Combinator Directory,https://ara.so,Ara,2,The Cloud Coding Agent,B2B,2026-08-11T09:04:11.595645Z
1.0,STARTUP,Y Combinator Directory,https://archermoney.com/,Archer,4,Global payouts for the workforce powering AI,Fintech,2026-08-11T09:04:12.418134Z
1.0,STARTUP,Y Combinator Directory,https://useallowance.com/,Allowance,1,The spend control layer for AI agents,Fintech,2026-08-11T09:04:11.739661Z
1.0,STARTUP,Y Combinator Directory,https://aicepower.com,Aice,2,Submarine drones for defense,Industrials,2026-08-11T09:04:12.797975Z
1.0,STARTUP,Y Combinator Directory,http://www.adialante.com,Adialante,4,Cancer screening without barriers,Healthcare,2026-08-11T09:04:13.064416Z
1.0,STARTUP,Y Combinator Directory,https://www.argalabs.com/,Arga Labs,4,Real-world sandboxes to test agents and agent-facing software,B2B,2026-08-11T09:04:11.646897Z
1.0,STARTUP,Y Combinator Directory,https://atrisa.ai,Atrisa,3,AI Agents for Analog Circuit Design,B2B,2026-08-11T09:04:13.073415Z
1.0,STARTUP,Y Combinator Directory,http://andustry.com/,Andustry,2,We help manufacturers find suppliers for industrial equipment.,B2B,2026-08-11T09:04:13.406543Z
1.0,STARTUP,Y Combinator Directory,https://afterfive.club/,Afterfive,3,Life starts after five.,B2B,2026-08-11T09:04:12.260086Z
1.0,STARTUP,Y Combinator Directory,https://www.ae-dyn.com/,"Applied Electrodynamics, Inc.",5,A new kind of camera that can see through walls.,Industrials,2026-08-11T09:04:12.079479Z
1.0,STARTUP,Y Combinator Directory,https://aurorincad.com,Aurorin Cad,1,Claude code for Mechanical Engineers,B2B,2026-08-11T09:04:12.438735Z
1.0,STARTUP,Y Combinator Directory,https://www.atlia.com,Atlia,2,We are the AI-native property management company,Real Estate and Construction,2026-08-11T09:04:11.894882Z
1.0,STARTUP,Y Combinator Directory,https://www.archal.ai/,Archal,2,The improvement loop for AI agents,B2B,2026-08-11T09:04:13.465519Z
1.0,STARTUP,Y Combinator Directory,https://axionorbital.space/,Axionorbital Space,2,Foundation models for 24/7 Earth Observation,Industrials,2026-08-11T09:04:11.834585Z
1.0,STARTUP,Y Combinator Directory,https://approxima.ai,Approxima,2,Your software should build itself.,B2B,2026-08-11T09:04:12.094842Z
1.0,STARTUP,Y Combinator Directory,https://www.assemble.ai/,Assemble,4,Agents for Enterprise IT,B2B,2026-08-11T09:04:12.046372Z
1.0,STARTUP,Y Combinator Directory,https://ashr.io,Ashr,2,Automated Multi-Modal Testing for Agents,B2B,2026-08-11T09:04:11.786943Z
1.0,STARTUP,Y Combinator Directory,https://aemon.ai/,Aemon,3,The Forward-Deployed AI Research Engineer,B2B,2026-08-11T09:04:12.564296Z
1.0,STARTUP,Y Combinator Directory,https://autositu.com/,Autositu,2,AI-native workspace for development plan reviews,B2B,2026-08-11T09:04:12.388088Z
1.0,STARTUP,Y Combinator Directory,https://avoice.co/,Avoice,4,Harvey for Architecture,B2B,2026-08-11T09:04:12.736313Z
1.0,STARTUP,Y Combinator Directory,https://tryasimov.ai/,Asimov,3,Real-world human movement data for humanoid robots,Industrials,2026-08-11T09:04:11.853102Z
1.0,STARTUP,Y Combinator Directory,https://axisanalysis.com,Axis,2,An AI Copilot for Trading Desks,Fintech,2026-08-11T09:04:12.250077Z
1.0,STARTUP,Y Combinator Directory,https://arcprize.org/,Arc Prize Foundation,4,AI benchmarks that measure general intelligence and inspire new ideas,Industrials,2026-08-11T09:04:14.457735Z
1.0,STARTUP,Y Combinator Directory,https://advancedmetalresearch.com/,Advanced Metal Research,3,Machine intelligence for American Welding,Industrials,2026-08-11T09:04:11.846100Z
1.0,STARTUP,Y Combinator Directory,https://www.amika.dev/,Amika,2,Infra to build your own software factory,B2B,2026-08-11T09:04:11.924768Z
1.0,STARTUP,Y Combinator Directory,https://antigen.sh/,Antigen,5,Continuous offensive security for the enterprise.,B2B,2026-08-11T09:04:12.598295Z
1.0,STARTUP,Y Combinator Directory,https://axialcompute.com,Axial,1,Accelerated Physics Kernels for Computational Engineering,Industrials,2026-08-11T09:04:12.210054Z
1.0,STARTUP,Y Combinator Directory,https://amerahealthsolutions.com/,Amera,12,Automating claims processing workflows for health insurance payers.,Fintech,2026-08-11T09:04:12.964120Z
1.0,STARTUP,Y Combinator Directory,https://absurd.com/,Absurd,6,The Creative OS for AI video,B2B,2026-08-11T09:04:11.963385Z
1.0,STARTUP,Y Combinator Directory,https://automax.ai,Automax.Ai,4,AI native real-estate appraisal firm,Real Estate and Construction,2026-08-11T09:04:13.578402Z
1.0,STARTUP,Y Combinator Directory,https://aside.com,Aside,5,The browser built to do real work for you,Consumer,2026-08-11T09:04:11.981019Z
1.0,STARTUP,Y Combinator Directory,https://www.anto.bio/,Anto Biosciences,4,A Foundation Model for Microbial Communities.,Healthcare,2026-08-11T09:04:12.925132Z
1.0,STARTUP,Y Combinator Directory,http://alephlab.ai/,Aleph Lab,2,AI language buddy in the games kids love,Consumer,2026-08-11T09:04:13.415549Z
1.0,STARTUP,Y Combinator Directory,https://www.agenticfabriq.com,Agentic Fabriq,2,The control plane for AI agents.,B2B,2026-08-11T09:04:12.920085Z
1.0,STARTUP,Y Combinator Directory,https://allus.ai,Allus Ai,6,Transforming manufacturing with our next-gen Vision Foundation Model,Industrials,2026-08-11T09:04:13.010870Z
1.0,STARTUP,Y Combinator Directory,https://answerthis.io/,Answerthis,6,End-to-end workspace to accelerate scientific discovery,Consumer,2026-08-11T09:04:12.823016Z
1.0,STARTUP,Y Combinator Directory,https://atlasgrid.ai,Atlasgrid,6,Accelerate Product Iteration,B2B,2026-08-11T09:04:13.379592Z
1.0,STARTUP,Y Combinator Directory,https://alt-x.co,Alt-X,2,Building the best venue for private markets exposure.,Fintech,2026-08-11T09:04:12.687897Z
1.0,STARTUP,Y Combinator Directory,https://aspect.inc,Aspect,3,Intelligent media storage for creative teams.,B2B,2026-08-11T09:04:13.031175Z
1.0,STARTUP,Y Combinator Directory,https://aircaps.com,Aircaps,5,The AI copilot for in-person conversations.,Consumer,2026-08-11T09:04:12.421135Z
1.0,STARTUP,Y Combinator Directory,https://www.aventindustrial.com,Avent,3,AI agents for industrial commerce,B2B,2026-08-11T09:04:12.227981Z
1.0,STARTUP,Y Combinator Directory,https://altur.io,Altur,5,Voice AI Agents for Debt Collection,B2B,2026-08-11T09:04:13.818581Z
1.0,STARTUP,Y Combinator Directory,https://avelishealth.com,Avelis Health,3,We audit medical claims for self-insured employers and health plans.,Healthcare,2026-08-11T09:04:12.794920Z
1.0,STARTUP,Y Combinator Directory,http://alaradental.com,Alara,1,Procurement Platform for Dental Offices,B2B,2026-08-11T09:04:14.050888Z
1.0,STARTUP,Y Combinator Directory,https://autosana.ai,Autosana,5,AI agents for E2E testing across mobile & web,B2B,2026-08-11T09:04:12.642889Z
1.0,STARTUP,Y Combinator Directory,https://www.albacore.inc,Albacore Inc.,18,Drone submarines,Industrials,2026-08-11T09:04:12.410125Z
1.0,STARTUP,Y Combinator Directory,https://withasync.com,Async,2,Transforming small businesses with AI agents,B2B,2026-08-11T09:04:13.010870Z
1.0,STARTUP,Y Combinator Directory,https://alterauth.com,Alter,2,Secure access control and authorization platform for agent workflows,B2B,2026-08-11T09:04:12.189202Z
1.0,STARTUP,Y Combinator Directory,https://args.io/,Args,2,A better GItHub,B2B,2026-08-11T09:04:13.531594Z
1.0,STARTUP,Y Combinator Directory,https://astor.app/,Astor,5,AI advisor for retail investors,Fintech,2026-08-11T09:04:12.957112Z
1.0,STARTUP,Y Combinator Directory,https://agentmail.to,Agentmail,10,Email Inboxes for AI Agents,B2B,2026-08-11T09:04:12.939296Z
1.0,STARTUP,Y Combinator Directory,https://www.acrely.ai,Acrely,6,Enterprise Voice Agents,B2B,2026-08-11T09:04:12.304063Z
1.0,STARTUP,Y Combinator Directory,https://www.adaptional.com/,Adaptional,1,AI-powered insurance claims review,B2B,2026-08-11T09:04:12.308944Z
1.0,STARTUP,Y Combinator Directory,https://becomeautonomous.com/,Autonomous Technologies Group,8,Superintelligent financial advisor,Fintech,2026-08-11T09:04:13.241397Z
1.0,STARTUP,Y Combinator Directory,https://aegishealth.us/,Aegis,3,AI Agents to win denied health insurance claims.,Healthcare,2026-08-11T09:04:12.444742Z
1.0,STARTUP,Y Combinator Directory,https://airweave.ai,Airweave,7,The open-source context retrieval layer for agents,B2B,2026-08-11T09:04:12.380560Z
1.0,STARTUP,Y Combinator Directory,https://www.adentris.com,Adentris,4,Real-time AI Compliance for Medical Documentation,Healthcare,2026-08-11T09:04:12.649945Z
1.0,STARTUP,Y Combinator Directory,https://alkali.engineering,Alkali,2,The smarter way to estimate steel.,B2B,2026-08-11T09:04:13.746715Z
1.0,STARTUP,Y Combinator Directory,https://getanana.com,Anana,2,The agentic system of action for hotel groups and management companies,B2B,2026-08-11T09:04:12.736313Z
1.0,STARTUP,Y Combinator Directory,https://attunehq.com,Attune,3,"Faster builds, zero effort.",B2B,2026-08-11T09:04:13.817583Z
1.0,STARTUP,Y Combinator Directory,https://alpharesearch.nyc/,Alpha Research,1,"Open source, agentic knowledge bases for all of humanity's knowledge.",B2B,2026-08-11T09:04:12.676987Z
1.0,STARTUP,Y Combinator Directory,https://acolite.ai,Acolite,3,AI Native Commercial Insurance Broker,Fintech,2026-08-11T09:04:12.849530Z
1.0,STARTUP,Y Combinator Directory,https://getauctor.com,Auctor,30,The agentic operating system for modern system integrators.,B2B,2026-08-11T09:04:13.016882Z
1.0,STARTUP,Y Combinator Directory,https://www.avallon.ai/,Avallon Ai,7,AI agents for insurance claims operations,Fintech,2026-08-11T09:04:12.623386Z
1.0,STARTUP,Y Combinator Directory,https://autostep.ai/,Autostep,2,The P&L for knowledge work,B2B,2026-08-11T09:04:13.266406Z
1.0,STARTUP,Y Combinator Directory,https://www.aravolta.com/,Aravolta,4,"Software to monitor, control, and optimize data centers.",B2B,2026-08-11T09:04:12.545878Z
1.0,STARTUP,Y Combinator Directory,https://www.ambral.com/,Ambral,4,AI for account management and customer success,B2B,2026-08-11T09:04:12.814966Z
1.0,STARTUP,Y Combinator Directory,https://assistant-ui.com,Assistant-Ui,3,Open Source React.js Library for AI Chat,B2B,2026-08-11T09:04:13.140408Z
1.0,STARTUP,Y Combinator Directory,https://www.artifact.engineer/,Artifact,3,"An Collaborative, AI-native IDE for Hardware Engineers",B2B,2026-08-11T09:04:12.760918Z
1.0,STARTUP,Y Combinator Directory,https://www.axal.ai/,Axal,3,"Service company that designs, sources, and quality-tests custom PCBs",Industrials,2026-08-11T09:04:13.425552Z
1.0,STARTUP,Y Combinator Directory,https://atlog.ai,Atlog,2,Outbound voice and text AI without a prompt,B2B,2026-08-11T09:04:13.462511Z
1.0,STARTUP,Y Combinator Directory,https://archon.inc,Archon,3,We help software companies sell to government.,Government,2026-08-11T09:04:12.937116Z
1.0,STARTUP,Y Combinator Directory,https://afterquery.com,Afterquery,30,Applied research lab curating data solutions for foundation model…,B2B,2026-08-11T09:04:12.980727Z
1.0,STARTUP,Y Combinator Directory,https://societies.io,Artificial Societies,12,We build networks of AIs to simulate high-value audiences,B2B,2026-08-11T09:04:12.606295Z
1.0,STARTUP,Y Combinator Directory,https://www.agentin.ai,Agentin Ai,2,AI Agents that automate enterprise software processes,B2B,2026-08-11T09:04:12.824020Z
1.0,STARTUP,Y Combinator Directory,https://www.athenahq.ai,Athenahq,12,"Be the Answer in AI Search - AI SEO across SEO, GEO & AEO",B2B,2026-08-11T09:04:13.124758Z
1.0,STARTUP,Y Combinator Directory,https://asteroid.ai,Asteroid,8,"The integration layer for healthcare: EHRs, payer portals & more",B2B,2026-08-11T09:04:12.709404Z
1.0,STARTUP,Y Combinator Directory,https://tryamby.com,Amby Health,2,The health coach that texts you first,Healthcare,2026-08-11T09:04:13.234170Z
1.0,STARTUP,Y Combinator Directory,https://adam.new/,Adam,4,AI Powered CAD,B2B,2026-08-11T09:04:14.647901Z
1.0,STARTUP,Y Combinator Directory,https://a0.dev,A0.Dev,3,We make mobile apps using AI.,B2B,2026-08-11T09:04:13.569401Z
1.0,STARTUP,Y Combinator Directory,https://www.a1zap.com/,A1Zap By A1Base,2,The social network layer for AI apps,B2B,2026-08-11T09:04:13.043420Z
1.0,STARTUP,Y Combinator Directory,https://www.awen.ai/,Awen,6,awen translates intent into exceptional visuals through conversation,B2B,2026-08-11T09:04:13.789582Z
1.0,STARTUP,Y Combinator Directory,https://www.alice.tech/,Alice.Tech,5,AI-driven exam prep,Education,2026-08-11T09:04:15.886869Z
1.0,STARTUP,Y Combinator Directory,https://www.aviro.ai/,Aviro,2,Environments for Long Horizon Tool Use,B2B,2026-08-11T09:04:16.828553Z
1.0,STARTUP,Y Combinator Directory,https://asha.health,Asha Health,9,We help medical practices become AI-native,Healthcare,2026-08-11T09:04:16.744513Z
1.0,STARTUP,Y Combinator Directory,https://apolink.space,Apolink,7,24/7 satellite connectivity in low Earth orbit,Industrials,2026-08-11T09:04:15.956991Z
1.0,STARTUP,Y Combinator Directory,https://archilabs.ai,Archilabs,2,AI CAD for AEC,Real Estate and Construction,2026-08-11T09:04:16.619146Z
1.0,STARTUP,Y Combinator Directory,https://alexcodes.app,Alex,3,The Cursor for Xcode,B2B,2026-08-11T09:04:17.679760Z
1.0,STARTUP,Y Combinator Directory,https://useautumn.com,Autumn,5,Billing infrastructure for AI,B2B,2026-08-11T09:04:16.613133Z
1.0,STARTUP,Y Combinator Directory,https://www.abundant.ai/,Abundant,7,Agent simulation and RL for researchers,B2B,2026-08-11T09:04:16.067093Z
1.0,STARTUP,Y Combinator Directory,https://www.autocomputer.ai/,Autocomputer,2,Desktop RPA with AI computer use,B2B,2026-08-11T09:04:16.162435Z
1.0,STARTUP,Y Combinator Directory,https://attimet.com/,Attimet,3,we predict stuff,Fintech,2026-08-11T09:04:16.996457Z
1.0,STARTUP,Y Combinator Directory,https://archil.com,Archil,11,The high-performance file system that connects AI to data,B2B,2026-08-11T09:04:16.287168Z
1.0,STARTUP,Y Combinator Directory,https://afternoon.co,Afternoon.Co,4,"Bookkeeping, compliance and tax for founders",B2B,2026-08-11T09:04:17.139177Z
1.0,STARTUP,Y Combinator Directory,https://www.getavora.ai,Avora,4,Agents for dental operations,Healthcare,2026-08-11T09:04:16.913300Z
1.0,STARTUP,Y Combinator Directory,https://www.arva.ai,Arva Ai,20,"AI Agents to scale AML, KYB and KYC operations",B2B,2026-08-11T09:04:16.893276Z
1.0,STARTUP,Y Combinator Directory,https://affil.ai/,Affil.Ai,4,AI Affiliate Network For Financial Companies,B2B,2026-08-11T09:04:17.675724Z
1.0,STARTUP,Y Combinator Directory,https://www.anglera.com/,Anglera,6,AI-Powered Product Data Enrichment,B2B,2026-08-11T09:04:16.058087Z
1.0,STARTUP,Y Combinator Directory,https://assemblyhoa.com,Assembly Hoa,12,AI-native HOA Management Company,Real Estate and Construction,2026-08-11T09:04:16.037910Z
1.0,STARTUP,Y Combinator Directory,https://www.autarc.energy/global,Autarc,30,autarc is the agentic OS for energy installers.,B2B,2026-08-11T09:04:16.013703Z
1.0,STARTUP,Y Combinator Directory,https://www.argil.ai/,Argil,8,The video generation engine for the creator economy,Consumer,2026-08-11T09:04:16.692198Z
1.0,STARTUP,Y Combinator Directory,https://www.tryandai.com/,&Ai,7,Collaborative workspace for patent litigators,B2B,2026-08-11T09:04:16.256258Z
1.0,STARTUP,Y Combinator Directory,https://www.autumnlabs.io/,Autumn Labs,3,Datadog for industrial robots,Industrials,2026-08-11T09:04:18.146273Z
1.0,STARTUP,Y Combinator Directory,https://anara.com,Anara,5,AI for researchers,B2B,2026-08-11T09:04:17.585789Z
1.0,STARTUP,Y Combinator Directory,https://alunadata.com,Aluna,3,Data for biomedical AI,B2B,2026-08-11T09:04:17.278063Z
1.0,STARTUP,Y Combinator Directory,https://anthrogen.com,Anthrogen,6,We're training the next generation of protein foundation models.,Healthcare,2026-08-11T09:04:16.733071Z
1.0,STARTUP,Y Combinator Directory,https://autopallet.bot,Autopallet Robotics,6,We make robots that move boxes in warehouses,Industrials,2026-08-11T09:04:16.187089Z
1.0,STARTUP,Y Combinator Directory,https://www.aminoanalytica.com,Aminoanalytica,3,The AI scientist for always-on biodefense,Healthcare,2026-08-11T09:04:16.145348Z
1.0,STARTUP,Y Combinator Directory,https://aresindustries.com,Ares Industries,2,Building low-cost cruise missiles,Industrials,2026-08-11T09:04:17.282062Z
1.0,STARTUP,Y Combinator Directory,https://atum.works/,Atum Works,3,Gigascale Nanomanufacturing,Industrials,2026-08-11T09:04:16.404075Z
1.0,STARTUP,Y Combinator Directory,https://azalearobotics.com/,Azalea Robotics Corporation,1,Automating airport baggage handling with robots.,Industrials,2026-08-11T09:04:17.376367Z
1.0,STARTUP,Y Combinator Directory,https://www.apten.ai/,Apten,4,"Omnichannel AI agents that engage leads across SMS, voice, and email",B2B,2026-08-11T09:04:16.224896Z
1.0,STARTUP,Y Combinator Directory,http://abelpolice.com,Abel Police,5,Automating police paperwork,Government,2026-08-11T09:04:16.726534Z
1.0,STARTUP,Y Combinator Directory,https://www.angstrom-ai.com,Ångström Ai,5,Gen AI molecular simulations that reproduce wetlab results,Healthcare,2026-08-11T09:04:17.185308Z
1.0,STARTUP,Y Combinator Directory,https://aquavoice.com,Aqua Voice,5,Frontier Voice Input - write 4x faster than typing.,Consumer,2026-08-11T09:04:16.207661Z
1.0,STARTUP,Y Combinator Directory,https://adapted.app,Adapted,2,AI physical therapy for athletes,Consumer,2026-08-11T09:04:16.548090Z
1.0,STARTUP,Y Combinator Directory,https://getalai.com,Alai,5,Create high quality presentations quickly using AI,B2B,2026-08-11T09:04:16.249279Z
1.0,STARTUP,Y Combinator Directory,https://www.artosai.com/,Artos,7,"Authoring documents for life sciences in minutes, not months.",B2B,2026-08-11T09:04:16.151431Z
1.0,STARTUP,Y Combinator Directory,https://www.acxtherapeutics.com/,Acx,4,Next-generation biocides for sustainable agriculture at scale,Healthcare,2026-08-11T09:04:16.838583Z
1.0,STARTUP,Y Combinator Directory,https://with-andy.com,Andy Ai,5,Faster clinical documentation for home health nurses,Healthcare,2026-08-11T09:04:16.199661Z
1.0,STARTUP,Y Combinator Directory,https://getaftercare.com,Aftercare,3,Conversational AI surveys with intelligent follow-up questions,B2B,2026-08-11T09:04:18.359765Z
1.0,STARTUP,Y Combinator Directory,https://astromecha.co/,Astro Mechanica,52,Supersonics for the new Jet Age,Industrials,2026-08-11T09:04:17.218255Z
1.0,STARTUP,Y Combinator Directory,http://attunement.ai,Attunement,3,Attunement turns fragmented behavioral health records into structured…,Healthcare,2026-08-11T09:04:17.167695Z
1.0,STARTUP,Y Combinator Directory,http://atopile.io,Atopile,5,We make tools to design electronics circuit boards with code,B2B,2026-08-11T09:04:17.869508Z
1.0,STARTUP,Y Combinator Directory,https://artisan.co/?utm_source=ycombinator,Artisan,50,"The AI BDR for enterprise revenue teams, plus a full AI sales team",B2B,2026-08-11T09:04:17.007458Z
1.0,STARTUP,Y Combinator Directory,https://www.arini.ai,Arini,17,AI receptionist for dentists,Healthcare,2026-08-11T09:04:16.559952Z
1.0,STARTUP,Y Combinator Directory,https://averyiq.com,Averyiq,3,AI Copilot for Property Managers and Landlords,Real Estate and Construction,2026-08-11T09:04:17.553343Z
1.0,STARTUP,Y Combinator Directory,https://agenticlabs.com,Agentic Labs,2,AI system design tools for dev teams,B2B,2026-08-11T09:04:17.357347Z
1.0,STARTUP,Y Combinator Directory,https://www.aidyhq.com/,Aidy,2,Mobile app helping people better manage chronic health conditions,Healthcare,2026-08-11T09:04:16.350774Z
1.0,STARTUP,Y Combinator Directory,https://www.argon-ai.com/,"Argon Ai, Inc.",2,AI for Pharma Intelligence,Healthcare,2026-08-11T09:04:17.124078Z
1.0,STARTUP,Y Combinator Directory,https://alex.com,Alex,30,Your AI recruiter for interviewing and identifying the best talent,B2B,2026-08-11T09:04:17.501545Z
1.0,STARTUP,Y Combinator Directory,https://andonlabs.com/,Andon Labs,11,Autonomous organizations without humans in the loop,B2B,2026-08-11T09:04:16.422025Z
1.0,STARTUP,Y Combinator Directory,https://aisdr.com/,Aisdr,5,AI sales prospecting. Replace your SDR with AiSDR,B2B,2026-08-11T09:04:16.695198Z
1.0,STARTUP,Y Combinator Directory,https://itsaffinity.com,Affinity,2,A compliance training platform built for regulated industries.,B2B,2026-08-11T09:04:16.641148Z
1.0,STARTUP,Y Combinator Directory,http://www.andromedasurgical.com,Andromeda Surgical,12,Autonomous surgical robots,Healthcare,2026-08-11T09:04:16.941510Z
1.0,STARTUP,Y Combinator Directory,https://automorphic.ai/,Automorphic,3,Infuse knowledge into language models with just 10 samples,B2B,2026-08-11T09:04:16.475817Z
1.0,STARTUP,Y Combinator Directory,https://apoxy.dev,Apoxy,2,Simpler and cheaper multi-cloud and cross-platform deployments.,B2B,2026-08-11T09:04:16.751528Z
1.0,STARTUP,Y Combinator Directory,https://aglide.com,Aglide,6,Connect every disconnected app to your SSO.,B2B,2026-08-11T09:04:17.235262Z
1.0,STARTUP,Y Combinator Directory,https://www.agentcollect.com,Agentcollect,42,B2B debt collection powered by AI agents,Fintech,2026-08-11T09:04:16.467725Z
1.0,STARTUP,Y Combinator Directory,https://www.arcimus.com/,Arcimus,2,A stream of engineering candidates who ship.,B2B,2026-08-11T09:04:16.585954Z
1.0,STARTUP,Y Combinator Directory,https://alguna.com,Alguna,10,AI-Native CPQ & Billing for Modern Pricing Models,B2B,2026-08-11T09:04:18.235967Z
1.0,STARTUP,Y Combinator Directory,https://airgoods.com/,Airgoods,10,Wholesale marketplace for food & beverage,B2B,2026-08-11T09:04:16.885293Z
1.0,STARTUP,Y Combinator Directory,https://aivideo.com,Aivideo.Com,12,Superhuman video production as a service,B2B,2026-08-11T09:04:17.105077Z
1.0,STARTUP,Y Combinator Directory,https://www.withaccend.com/,Accend,18,AI agents for commercial underwriting at banks and fintechs,Fintech,2026-08-11T09:04:16.655661Z
1.0,STARTUP,Y Combinator Directory,https://www.artie.com/,Artie,16,Software that streams data from databases to warehouses in real-time,B2B,2026-08-11T09:04:16.636164Z
1.0,STARTUP,Y Combinator Directory,https://www.runautomat.com/,Automat,1,AI enabled RPA using ChatGPT and computer vision,B2B,2026-08-11T09:04:17.298069Z
1.0,STARTUP,Y Combinator Directory,https://www.getadri.ai/,Adri Ai,3,Your AI Partner for SAP Development,B2B,2026-08-11T09:04:16.761521Z
1.0,STARTUP,Y Combinator Directory,https://www.atmeto.com,Atmeto,2,We develop ML that optimizes how batteries in the grid store energy,Industrials,2026-08-11T09:04:16.903285Z
1.0,STARTUP,Y Combinator Directory,https://adventris.com,Adventris Pharmaceuticals,7,Adventris makes cancer vaccines,Healthcare,2026-08-11T09:04:18.637353Z
1.0,STARTUP,Y Combinator Directory,https://www.alaan.com/,Alaan,160,Modern finance platform for the Middle East,Fintech,2026-08-11T09:04:16.673744Z
1.0,STARTUP,Y Combinator Directory,https://www.ariglad.com/,Ariglad,4,Knowledge base maintenance on auto-pilot,B2B,2026-08-11T09:04:16.535404Z
1.0,STARTUP,Y Combinator Directory,https://alloy.app,Alloy,5,AI prototyping tool for product managers,B2B,2026-08-11T09:04:16.593955Z
1.0,STARTUP,Y Combinator Directory,https://www.avoca.ai/,Avoca,85,AI-powered Sales Agent for Service-Based Industries,B2B,2026-08-11T09:04:16.792037Z
1.0,STARTUP,Y Combinator Directory,https://www.accessowl.io/,Accessowl,15,Managing your Employees' Access to SaaS,B2B,2026-08-11T09:04:17.251064Z
1.0,STARTUP,Y Combinator Directory,https://axle.insure,Axle,20,AI-native clearinghouse for insurance,Fintech,2026-08-11T09:04:17.341307Z
1.0,STARTUP,Y Combinator Directory,https://algotest.in,Algotest,40,Ecosystem for options trading in India,Fintech,2026-08-11T09:04:16.506478Z
1.0,STARTUP,Y Combinator Directory,https://autone.io,Autone,70,Inventory management SaaS for Retail & Consumer brands,B2B,2026-08-11T09:04:16.889260Z
1.0,STARTUP,Y Combinator Directory,https://avina.io,Avina,5,GTM signals engine for sales teams. Automate warm outbound with AI.,B2B,2026-08-11T09:04:17.192935Z
1.0,STARTUP,Y Combinator Directory,https://aiprise.com/,Aiprise,42,AI-powered Global Compliance Platform,Fintech,2026-08-11T09:04:17.803608Z
1.0,STARTUP,Y Combinator Directory,https://getanchor.co/,Anchor,8,Embedded finance platform for African businesses,Fintech,2026-08-11T09:04:17.117157Z
1.0,STARTUP,Y Combinator Directory,https://atlaswork.ai,Atlas,2,"AI contract agent: Fill a template, get signed, and run next actions.",B2B,2026-08-11T09:04:17.224329Z
1.0,STARTUP,Y Combinator Directory,https://search-artemis.com/,Artemis Search,3,A search technology that actually finds what you’re looking for.,B2B,2026-08-11T09:04:16.874282Z
1.0,STARTUP,Y Combinator Directory,https://www.aurelian.com/,Aurelian,45,Automating non-emergency calls for 911 centers,B2B,2026-08-11T09:04:17.782610Z
1.0,STARTUP,Y Combinator Directory,http://www.helloaviary.ai,Aviaryai,10,Outbound AI voice agents for the financial services industry,Fintech,2026-08-11T09:04:17.528969Z
1.0,STARTUP,Y Combinator Directory,https://anythingllm.com,Anythingllm,4,Building the definitive all-in-one on-device AI productivity tool,Consumer,2026-08-11T09:04:16.777528Z
1.0,STARTUP,Y Combinator Directory,https://alphawatch.ai,Alphawatch Ai,8,"Discover new opportunities (jobs, deals, investors)",Fintech,2026-08-11T09:04:17.741031Z
1.0,STARTUP,Y Combinator Directory,https://www.airhartaero.com/,Airhart Aeronautics,6,Airplanes anyone can fly,Industrials,2026-08-11T09:04:17.666215Z
1.0,STARTUP,Y Combinator Directory,https://www.aragorn.ai,Aragorn Ai,4,Operating system for HR in the AI era,B2B,2026-08-11T09:04:17.037460Z
1.0,STARTUP,Y Combinator Directory,http://www.applydesign.io,Apply Design,4,Helping realtors showcase the full potential of their properties,Real Estate and Construction,2026-08-11T09:04:17.260062Z
1.0,STARTUP,Y Combinator Directory,https://www.activepieces.com,Activepieces,10,"Open-source, AI-first and no-code business automation tool",B2B,2026-08-11T09:04:17.024454Z
1.0,STARTUP,Y Combinator Directory,https://thealttex.com/,Alt Tex,10,"Biodegradable and carbon neutral textiles, engineered from food waste.",Industrials,2026-08-11T09:04:16.950111Z
1.0,STARTUP,Y Combinator Directory,https://www.arraylabs.io/,Array Labs,30,We're building satellites to create a real-time 3D map of the world.,Industrials,2026-08-11T09:04:17.028454Z
1.0,STARTUP,Y Combinator Directory,http://www.Avocademy.com,Avocademy,6,We teach UX/UI design and then help people get great jobs.,Education,2026-08-11T09:04:17.630695Z
1.0,STARTUP,Y Combinator Directory,https://www.arpari.com,Arpari,6,Multibank treasury management,Fintech,2026-08-11T09:04:16.977797Z
1.0,STARTUP,Y Combinator Directory,https://www.beloz.com.mx/,Amiloz,20,Micro-lender in Mexico,Fintech,2026-08-11T09:04:17.832044Z
1.0,STARTUP,Y Combinator Directory,https://argument.xyz,Argument Computer Corporation,8,Accelerate verifiable computing,B2B,2026-08-11T09:04:17.335303Z
1.0,STARTUP,Y Combinator Directory,https://amalinvest.com,Amal Invest,3,Investing app for Muslims,Fintech,2026-08-11T09:04:17.691546Z
1.0,STARTUP,Y Combinator Directory,https://joinattain.com/,Attain,5,One-Stop Shop for Convenience Store Inventory,B2B,2026-08-11T09:04:17.086077Z
1.0,STARTUP,Y Combinator Directory,https://www.airworkhq.com,Airwork,4,On-demand labour that's actually good,B2B,2026-08-11T09:04:17.369345Z
1.0,STARTUP,Y Combinator Directory,https://arintra.com,Arintra,50,Medical coding automation,Healthcare,2026-08-11T09:04:17.958686Z
1.0,STARTUP,Y Combinator Directory,https://Argo.LA,Argo,10,A social streaming platform powered by creators and fans,Consumer,2026-08-11T09:04:18.606413Z
1.0,STARTUP,Y Combinator Directory,https://www.alga.bio/,Alga Biosciences,6,We stop cows from burping methane.,Industrials,2026-08-11T09:04:17.063161Z
1.0,STARTUP,Y Combinator Directory,https://GetAgency.com,Agency,50,Agency replaces traditional security and compliance headcount with AI.,B2B,2026-08-11T09:04:17.108080Z
1.0,STARTUP,Y Combinator Directory,https://anfin.vn/,Anfin,40,A multi-asset trading platform dedicated to retail investors,Fintech,2026-08-11T09:04:17.895490Z
1.0,STARTUP,Y Combinator Directory,http://axis.xyz,Axis,15,Knowledge base for corporate affairs teams,B2B,2026-08-11T09:04:18.425120Z
1.0,STARTUP,Y Combinator Directory,http://www.armilla.ai,Armilla Ai,14,Liability insurance for generative AI and AI Agents,Fintech,2026-08-11T09:04:17.904601Z
1.0,STARTUP,Y Combinator Directory,https://agentnoon.com,Agentnoon,16,Org design and workforce planning platform to drive org transformation,B2B,2026-08-11T09:04:18.230974Z
1.0,STARTUP,Y Combinator Directory,https://atlas.so,Atlas,18,Modern customer support platform replacement for Intercom and Zendesk,B2B,2026-08-11T09:04:18.256133Z
1.0,STARTUP,Y Combinator Directory,https://aspora.com,Aspora,85,Single account to manage money across the world,Fintech,2026-08-11T09:04:18.102677Z
1.0,STARTUP,Y Combinator Directory,https://www.axross.co/,Axross Pte Ltd,10,AI-driven HVAC control system for improved energy performance,B2B,2026-08-11T09:04:17.435436Z
1.0,STARTUP,Y Combinator Directory,http://www.actipulseneuroscience.com,Actipulse Neuroscience,38,Bringing non-invasive brain stimulation from the hospital to the home,Healthcare,2026-08-11T09:04:18.908293Z
1.0,STARTUP,Y Combinator Directory,https://www.useagave.com,Agave,40,AI Financial Operations for Construction,B2B,2026-08-11T09:04:17.451547Z
1.0,STARTUP,Y Combinator Directory,https://www.apollofirst.xyz/,Apollo,11,Payments & Loyalty Infrastructure,Fintech,2026-08-11T09:04:18.284045Z
1.0,STARTUP,Y Combinator Directory,https://attack.capital/,Attack Capital,5,Access the start-up asset class with vetted private companies,B2B,2026-08-11T09:04:17.566690Z
1.0,STARTUP,Y Combinator Directory,https://AndiAI.com,Andi,2,AI Search for the Next Generation,Consumer,2026-08-11T09:04:17.977654Z
1.0,STARTUP,Y Combinator Directory,https://www.amenli.com/,Amenli,65,Offers insurance to customers in a convenient & transparent way,Fintech,2026-08-11T09:04:17.575697Z
1.0,STARTUP,Y Combinator Directory,https://ahazou.com,Ahazou,27,Podium for local businesses in Latam,B2B,2026-08-11T09:04:17.399343Z
1.0,STARTUP,Y Combinator Directory,https://aviator.co,Aviator,6,Google-level engineering productivity suite,B2B,2026-08-11T09:04:18.486023Z
1.0,STARTUP,Y Combinator Directory,https://www.adra.ai,Adravision,8,Automation for dental clinics and insurance companies.,Healthcare,2026-08-11T09:04:17.759612Z
1.0,STARTUP,Y Combinator Directory,https://atlas.kitchen,Atlas,12,"Operating system for restaurants, focusing on Southeast Asia",B2B,2026-08-11T09:04:17.590770Z
1.0,STARTUP,Y Combinator Directory,https://www.abatable.com,Abatable,35,Carbon markets platform and solutions,Industrials,2026-08-11T09:04:18.559913Z
1.0,STARTUP,Y Combinator Directory,https://abhi.com.pk/,Abhi,10,Abhi is Pakistan's 1st financial wellness platform focusing on…,Fintech,2026-08-11T09:04:17.711767Z
1.0,STARTUP,Y Combinator Directory,https://www.adni.co/,Adni,5,The AI career platform for healthcare workers,Healthcare,2026-08-11T09:04:17.946265Z
1.0,STARTUP,Y Combinator Directory,https://www.ancana.co,Ancana,7,Marketplace to buy managed vacation homes through fractional ownership,Consumer,2026-08-11T09:04:19.757151Z
1.0,STARTUP,Y Combinator Directory,https://www.akutehealth.com,Akute Health,4,The medical record & infrastructure stack for digital health companies,Healthcare,2026-08-11T09:04:17.729760Z
1.0,STARTUP,Y Combinator Directory,https://www.adaptyvbio.com/,Adaptyv,25,We're building fully automated labs for protein engineering,Healthcare,2026-08-11T09:04:18.423139Z
1.0,STARTUP,Y Combinator Directory,https://asim.sh/,Asim,9,Build and share apps with friends,Consumer,2026-08-11T09:04:18.964145Z
1.0,STARTUP,Y Combinator Directory,http://astekdx.com,Astek Diagnostics,5,One-hour antibiotic sensitivity testing,Healthcare,2026-08-11T09:04:18.047785Z
1.0,STARTUP,Y Combinator Directory,https://getaleph.com/,Aleph,30,One source of truth for financial data.,B2B,2026-08-11T09:04:18.643353Z
1.0,STARTUP,Y Combinator Directory,https://www.alephee.com,Aleph Solutions (Alephee),60,We help automotive aftermarket brands to supply and sell parts online,B2B,2026-08-11T09:04:18.558915Z
1.0,STARTUP,Y Combinator Directory,https://aitechpacks.com,Ai Tech Packs,2,Build factory ready tech packs in minutes.,B2B,2026-08-11T09:04:17.745030Z
1.0,STARTUP,Y Combinator Directory,https://algoviral.com,Algoviral,5,We help high-growth startups go viral on autopilot,B2B,2026-08-11T09:04:19.022224Z
1.0,STARTUP,Y Combinator Directory,https://www.investwithaqua.com,Aqua,34,The AI-Native Turnkey Alternative Investment Platform (TAIP),Fintech,2026-08-11T09:04:18.025172Z
1.0,STARTUP,Y Combinator Directory,https://www.awesomic.com/?ref=yc,Awesomic,150,Get matched with top 1% of talents in 24h,B2B,2026-08-11T09:04:18.168761Z
1.0,STARTUP,Y Combinator Directory,https://anakin.io,Anakin,70,One API to get clean data from any website for your AI agents at scale,B2B,2026-08-11T09:04:17.775612Z
1.0,STARTUP,Y Combinator Directory,https://appx.co.in,Appx,30,AppX helps social media creators launch their own mobile apps.,Education,2026-08-11T09:04:18.560912Z
1.0,STARTUP,Y Combinator Directory,http://algouniversity.com/,Algouniversity,10,Building Job driven Virtual Tech University for India 🇮🇳,Education,2026-08-11T09:04:19.084741Z
1.0,STARTUP,Y Combinator Directory,https://www.advantageclub.co,Advantage Club,220,Global platform for employee engagement with rewards&flexible benefits,B2B,2026-08-11T09:04:19.066741Z
1.0,STARTUP,Y Combinator Directory,https://affogato.ai,Affogato Ai,15,"Affogato AI — Your Agent for instant TikToks, Reels, and ads.",B2B,2026-08-11T09:04:17.890491Z
1.0,STARTUP,Y Combinator Directory,https://www.ananya.health/,Ananya Health,8,Portable cryoablation to prevent cervical cancer,Healthcare,2026-08-11T09:04:17.886520Z
1.0,STARTUP,Y Combinator Directory,https://www.arqfinance.com/,Arq,100,The global financial platform for affluent consumers in the Americas.,Fintech,2026-08-11T09:04:17.985170Z
1.0,STARTUP,Y Combinator Directory,https://www.archbee.com,Archbee,12,TURN STATIC DOCS INTO INSTANT ANSWERS,B2B,2026-08-11T09:04:17.921025Z
1.0,STARTUP,Y Combinator Directory,https://abstra.io,Abstra,18,Automate finance operations with Python and AI,B2B,2026-08-11T09:04:18.562914Z
1.0,STARTUP,Y Combinator Directory,https://www.artillery.io,Artillery,5,"The complete production quality platform. AI-powered E2E testing,…",B2B,2026-08-11T09:04:17.880490Z
1.0,STARTUP,Y Combinator Directory,https://www.aoadx.com/,Aoa Dx,25,Blood Test for Early Detection of Ovarian Cancer,Healthcare,2026-08-11T09:04:18.744881Z
1.0,STARTUP,Y Combinator Directory,https://www.getdailyagape.com,Agapé,6,"Feel close, even when apart. One meaningful conversation at a time.",Healthcare,2026-08-11T09:04:18.583007Z
1.0,STARTUP,Y Combinator Directory,https://arpio.io,Arpio,7,Recover from any outage in 10 minutes or less.,B2B,2026-08-11T09:04:18.100316Z
1.0,STARTUP,Y Combinator Directory,https://authologic.com,Authologic,33,Stripe for online identity verification,B2B,2026-08-11T09:04:19.032228Z
1.0,STARTUP,Y Combinator Directory,https://axolo.co,Axolo,2,Improving Developer Experience with Streamlined Code Reviews,B2B,2026-08-11T09:04:18.113718Z
1.0,STARTUP,Y Combinator Directory,https://alpas.ai/,Alpas,5,Software for procurement departments to find suppliers 10x faster,B2B,2026-08-11T09:04:18.562914Z
1.0,STARTUP,Y Combinator Directory,https://www.agendapro.com,Agendapro,50,Shopify for Beauty and Wellness businesses in Latam,B2B,2026-08-11T09:04:19.595430Z
1.0,STARTUP,Y Combinator Directory,https://www.alokai.com,Alokai,100,Frontend Platform for eCommerce,B2B,2026-08-11T09:04:19.125742Z
1.0,STARTUP,Y Combinator Directory,https://www.aurabeattech.com/,Aurabeat,12,"Providing clean, safe, virus free air for homes, buildings and cars",Industrials,2026-08-11T09:04:19.659052Z
1.0,STARTUP,Y Combinator Directory,https://auricle.com,Auricle,2,Neurostimulation implant to restore hearing & speech understanding,Healthcare,2026-08-11T09:04:18.700133Z
1.0,STARTUP,Y Combinator Directory,http://www.animahealth.com,Anima,20,The next generation care enablement platform,Healthcare,2026-08-11T09:04:18.441966Z
1.0,STARTUP,Y Combinator Directory,https://alinea-invest.com/,Alinea,12,Automated investing for the next generation 💸,Fintech,2026-08-11T09:04:18.905293Z
1.0,STARTUP,Y Combinator Directory,https://www.avironactive.com/,Aviron Interactive,90,"Aviron transforms workouts with game-based exercise machines, making…",Consumer,2026-08-11T09:04:18.300135Z
1.0,STARTUP,Y Combinator Directory,https://www.axlehealth.com,Axle Health,14,Scheduling and workforce management SaaS for home healthcare providers,Healthcare,2026-08-11T09:04:18.137257Z
1.0,STARTUP,Y Combinator Directory,https://axiom.ai,Axiom.Ai,8,No-code Browser RPA,B2B,2026-08-11T09:04:18.085292Z
1.0,STARTUP,Y Combinator Directory,https://avocadopos.com,Avocado,4,AI-Native Restaurant POS,B2B,2026-08-11T09:04:18.773451Z
1.0,STARTUP,Y Combinator Directory,https://arnata.com,Arnata,15,AI workers for the logistics industry.,B2B,2026-08-11T09:04:18.923859Z
1.0,STARTUP,Y Combinator Directory,https://albedo.com,Albedo,55,Full-stack VLEO satellite missions,Industrials,2026-08-11T09:04:18.221942Z
1.0,STARTUP,Y Combinator Directory,https://authzed.com,Authzed,31,"Authorization Infrastructure securing AI at OpenAI, Zoom, & more",B2B,2026-08-11T09:04:18.285046Z
1.0,STARTUP,Y Combinator Directory,https://www.albaorbital.com,Alba Orbital,10,"We make satellites to image everywhere on Earth, every 15 minutes",Industrials,2026-08-11T09:04:18.331042Z
1.0,STARTUP,Y Combinator Directory,http://atomic.industries,Atomic Industries,60,Software orchestrated mass production of plastics,Industrials,2026-08-11T09:04:18.456517Z
1.0,STARTUP,Y Combinator Directory,https://www.atratopago.com,Atrato,80,Enabling consumers split the cost of purchases without a credit card,Fintech,2026-08-11T09:04:18.249044Z
1.0,STARTUP,Y Combinator Directory,https://www.abacum.ai/,Abacum,125,The AI-native FP&A platform that helps Finance teams drive business…,B2B,2026-08-11T09:04:18.566914Z
1.0,STARTUP,Y Combinator Directory,https://www.afriexapp.com,Afriex,55,"Instant, low-fee remittances",Fintech,2026-08-11T09:04:21.013438Z
1.0,STARTUP,Y Combinator Directory,https://arketa.com,Arketa,55,Everything for your fitness or wellness business.,B2B,2026-08-11T09:04:19.824113Z
1.0,STARTUP,Y Combinator Directory,https://www.awtomic.com,Awtomic,11,Dollar Shave Club as a platform.,B2B,2026-08-11T09:04:18.342049Z
1.0,STARTUP,Y Combinator Directory,https://akiflow.com,Akiflow,18,All your tasks and calendars into an AI-powered productivity app,B2B,2026-08-11T09:04:19.715934Z
1.0,STARTUP,Y Combinator Directory,https://www.atomicvest.com/,Atomic,25,API that lets companies embed investment accounts into their services,B2B,2026-08-11T09:04:18.413126Z
1.0,STARTUP,Y Combinator Directory,https://www.arist.co,Arist,23,Deliver effective learning at scale,B2B,2026-08-11T09:04:18.938355Z
1.0,STARTUP,Y Combinator Directory,https://atob.com/,Atob,75,Modernizing global transportation payments.,Fintech,2026-08-11T09:04:19.240109Z
1.0,STARTUP,Y Combinator Directory,https://www.aesthetic.com,Aesthetic,4,Your AI-powered creative apprentice 🪄,B2B,2026-08-11T09:04:19.438370Z
1.0,STARTUP,Y Combinator Directory,https://www.alphavantage.co/,Alpha Vantage,8,Developer-friendly and enterprise-grade APIs for financial market…,Fintech,2026-08-11T09:04:18.916296Z
1.0,STARTUP,Y Combinator Directory,https://www.animaapp.com,Anima App,20,Design to Code & On-brand Vibe-coding,B2B,2026-08-11T09:04:18.803362Z
1.0,STARTUP,Y Combinator Directory,https://soundkins.com/,"Askmyclass, Now Soundkins",2,Audio learning assistant for teachers and students.,Education,2026-08-11T09:04:19.834898Z
1.0,STARTUP,Y Combinator Directory,https://www.apprenticehealth.com,Apprentice Health,6,We deploy sensors and software that increase hospital efficiency.,Healthcare,2026-08-11T09:04:18.799365Z
1.0,STARTUP,Y Combinator Directory,https://activeloop.ai/,Activeloop,15,Database for AI,B2B,2026-08-11T09:04:19.281047Z
1.0,STARTUP,Y Combinator Directory,https://www.anylist.com,Anylist,3,"One app for stress-free shopping, cooking, and meal planning.",Consumer,2026-08-11T09:04:19.355273Z
1.0,STARTUP,Y Combinator Directory,http://www.aerones.com,Aerones,250,Robotics for wind turbine maintenance.,Industrials,2026-08-11T09:04:20.867864Z
1.0,STARTUP,Y Combinator Directory,https://www.anjuna.io,Anjuna,55,Anjuna enabled organizations to trust any infrastructure,B2B,2026-08-11T09:04:18.782364Z
1.0,STARTUP,Y Combinator Directory,http://archform.com,Archform,23,Replacing orthodontic braces with our clear aligner and software,Healthcare,2026-08-11T09:04:19.677128Z
1.0,STARTUP,Y Combinator Directory,http://www.algosurg.com,Algosurg Inc,8,We make AI technology for Robotic and AR Surgeries,Healthcare,2026-08-11T09:04:20.090157Z
1.0,STARTUP,Y Combinator Directory,https://aspireapp.com,Aspire,500,All-in-one Finance OS for businesses,Fintech,2026-08-11T09:04:19.039228Z
1.0,STARTUP,Y Combinator Directory,https://acely.com,Acely,30,Every student's AI coach for college readiness,Education,2026-08-11T09:04:18.706649Z
1.0,STARTUP,Y Combinator Directory,http://avrolifesci.com,Avro Life Science,8,Skin patches for generic drug delivery.,Healthcare,2026-08-11T09:04:21.066114Z
1.0,STARTUP,Y Combinator Directory,https://www.assembly.com,AssemblyAI,25,Create remarkable client experiences,B2B,2026-08-11T09:04:19.898167Z
1.0,STARTUP,Y Combinator Directory,https://www.assemblyai.com,AssemblyAI,65,The best way to build Voice AI apps,B2B,2026-08-11T09:04:18.718428Z
1.0,STARTUP,Y Combinator Directory,http://www.airthium.com,Airthium,18,Decarbonized heat and power cheaper than fossil fuels,Industrials,2026-08-11T09:04:19.829114Z
1.0,STARTUP,Y Combinator Directory,http://www.advano.io,Advano,25,Advano is a battery technology company that improve the longevity of…,Industrials,2026-08-11T09:04:20.914870Z
1.0,STARTUP,Y Combinator Directory,https://www.aecore.com,Aecore,6,Vertically integrated commercial construction,Real Estate and Construction,2026-08-11T09:04:18.704238Z
1.0,STARTUP,Y Combinator Directory,https://www.aclu.org/,Aclu,501,Defender of rights and liberties,Unspecified,2026-08-11T09:04:18.702126Z
1.0,STARTUP,Y Combinator Directory,https://www.aon3d.com,Aon3D,40,Additive Manufacturing with advanced materials,Industrials,2026-08-11T09:04:19.007900Z
1.0,STARTUP,Y Combinator Directory,https://www.apozy.com/,Apozy,9,Apozy makes every website safe to browse,B2B,2026-08-11T09:04:19.187280Z
1.0,STARTUP,Y Combinator Directory,https://www.alemhealth.com,Alemhealth,25,AI Radiologist in a Box - We provide a vertically integrated AI…,Healthcare,2026-08-11T09:04:21.198520Z
1.0,STARTUP,Y Combinator Directory,http://www.aellaapp.com,Aella,60,Diversified credit infrastructure powering payments across Africa.,Fintech,2026-08-11T09:04:19.786114Z
1.0,STARTUP,Y Combinator Directory,https://ambient.ai,Ambient.Ai,150,AI company transforming enterprise physical security to prevent…,B2B,2026-08-11T09:04:19.984166Z
1.0,STARTUP,Y Combinator Directory,http://acunote.com,Acunote,1,Y Combinator Startup,B2B,2026-08-11T09:04:21.648918Z
1.0,STARTUP,Y Combinator Directory,https://www.algenbio.com/,Algen Biotechnologies,15,Using CRISPR to find treatments for cancer and inflammation,Healthcare,2026-08-11T09:04:19.091758Z
1.0,STARTUP,Y Combinator Directory,https://airbyte.com/,Airbyte,90,Context layer for production-grade AI agents,B2B,2026-08-11T09:04:18.918834Z
1.0,STARTUP,Y Combinator Directory,http://atmo.ai,Atmo,10,Ultra-precise AI weather forecasting.,Industrials,2026-08-11T09:04:21.012433Z
1.0,STARTUP,Y Combinator Directory,http://www.avion.health,Avion,1,Avion builds and operates autonomous eVTOL drones that deliver vital…,Industrials,2026-08-11T09:04:19.594431Z
1.0,STARTUP,Y Combinator Directory,https://www.anglehealth.com,Angle Health,100,Health Insurance for Startups,Fintech,2026-08-11T09:04:18.901290Z
1.0,STARTUP,Y Combinator Directory,https://adyn.com,Adyn,7,The first test designed to prevent birth control side effects,Healthcare,2026-08-11T09:04:19.102782Z
1.0,STARTUP,Y Combinator Directory,https://www.aiosmedical.com/,Aios,100,Building AI-native infrastructure for the next era of care.,Healthcare,2026-08-11T09:04:19.528461Z
1.0,STARTUP,Y Combinator Directory,http://www.altaytherapeutics.com,Altay Therapeutics,6,Altay develops disease-modifying therapies targeting transcription…,Healthcare,2026-08-11T09:04:19.506953Z
1.0,STARTUP,Y Combinator Directory,https://adenhq.com/,Aden,5,Open source agent generation framework,B2B,2026-08-11T09:04:19.071741Z
1.0,STARTUP,Y Combinator Directory,https://www.alude.com.br/,Alude,8,We offer free software that automates bureaucracy for real-estate…,Real Estate and Construction,2026-08-11T09:04:19.856161Z
1.0,STARTUP,Y Combinator Directory,https://www.abalonebio.com,Abalone Bio,14,We create activating antibodies to treat diseases others can’t.,Healthcare,2026-08-11T09:04:19.406166Z
1.0,STARTUP,Y Combinator Directory,https://inaccord.com,Accord,20,The Revenue Excellence Platform,B2B,2026-08-11T09:04:19.226413Z
1.0,STARTUP,Y Combinator Directory,https://www.apolloshield.com,Apolloshield,1,ApolloShield is a system that detects unwanted drones and drives them…,Industrials,2026-08-11T09:04:19.129743Z
1.0,STARTUP,Y Combinator Directory,https://apurata.com,Apurata,12,Point of sale financing for Latin America's middle class.,Fintech,2026-08-11T09:04:20.634649Z
1.0,STARTUP,Y Combinator Directory,https://www.asherbio.com/,Asher Bio,3,We build better immunotherapies,Healthcare,2026-08-11T09:04:21.806580Z
1.0,STARTUP,Y Combinator Directory,https://aspect.app,Aspect,1,Build UI fast.,B2B,2026-08-11T09:04:19.905254Z
1.0,STARTUP,Y Combinator Directory,http://www.airfordable.com,Airfordable,7,Buy flights for only a fraction upfront and pay off the rest in…,Fintech,2026-08-11T09:04:20.335177Z
1.0,STARTUP,Y Combinator Directory,http://athelas.com,Athelas,1000,"Extensible, Integrated Technology that Simplifies Health Systems",Healthcare,2026-08-11T09:04:20.578608Z
1.0,STARTUP,Y Combinator Directory,https://www.aperohealth.com,Apero Health,24,Modern medical billing,Healthcare,2026-08-11T09:04:19.651097Z
1.0,STARTUP,Y Combinator Directory,https://atlascard.com,Atlas,25,Modern spend management & concierge.,Fintech,2026-08-11T09:04:19.997158Z
1.0,STARTUP,Y Combinator Directory,http://www.acciojob.com,Acciojob,250,Upskilling bootcamp for India,Education,2026-08-11T09:04:20.159375Z
1.0,STARTUP,Y Combinator Directory,https://amberbox.com,Amberbox Gunshot Detection,1,Detect Gunshots | Inform Law Enforcement | Empower First Responders,B2B,2026-08-11T09:04:20.185960Z
1.0,STARTUP,Y Combinator Directory,https://ampup.io,Ampup,45,We make EV charging as simple and reliable as LED lights,Consumer,2026-08-11T09:04:20.044165Z
1.0,STARTUP,Y Combinator Directory,https://alpaca.markets/,Alpaca,150,API-first stock and crypto brokerage platform,Fintech,2026-08-11T09:04:19.502955Z
1.0,STARTUP,Y Combinator Directory,https://auravision.ai,Aura Vision,10,In-store analytics AI assistant to fix your retail stores,B2B,2026-08-11T09:04:19.397167Z
1.0,STARTUP,Y Combinator Directory,https://helloaxel.com/,Axel Travel,20,AI agent that saves you money on travel,Consumer,2026-08-11T09:04:20.066063Z
1.0,STARTUP,Y Combinator Directory,https://www.autodial.com,Autodial Prev Qwest,1,Skip Busy Phone Lines,Consumer,2026-08-11T09:04:20.917869Z
1.0,STARTUP,Y Combinator Directory,https://www.ashbyhq.com,Ashby,110,All-in-one recruiting platform that empowers hiring excellence in…,B2B,2026-08-11T09:04:19.392167Z
1.0,STARTUP,Y Combinator Directory,https://www.aiinsurance.io,Ai Insurance,16,AI Insurance is the platform that runs insurance companies,Fintech,2026-08-11T09:04:20.551780Z
1.0,STARTUP,Y Combinator Directory,https://www.avo.app/,Avo,10,Fixing data quality in product analytics.,B2B,2026-08-11T09:04:19.731935Z
1.0,STARTUP,Y Combinator Directory,https://www.allsome.com,Allsome Fulfillment,18,Fulfillment platform to build Southeast Asia e-commerce operations,B2B,2026-08-11T09:04:19.551547Z
1.0,STARTUP,Y Combinator Directory,http://www.astranis.com,Astranis,500,Advanced satellites for high orbits.,Industrials,2026-08-11T09:04:19.706233Z
1.0,STARTUP,Y Combinator Directory,https://www.apollo.io/,Apollo.Io,800,Apollo is the foundation of your entire go-to-market strategy.,B2B,2026-08-11T09:04:19.655096Z
1.0,STARTUP,Y Combinator Directory,http://www.auro.ai/,Auro Robotics,1,Autonomous shuttles for campus-like environments.,Industrials,2026-08-11T09:04:19.838897Z
1.0,STARTUP,Y Combinator Directory,http://appcanary.com,Appcanary,2,Appcanary tracks the dependencies you use in your apps and servers…,B2B,2026-08-11T09:04:21.153074Z
1.0,STARTUP,Y Combinator Directory,https://www.aptopayments.com/,Apto Payments,32,API platform for partners to issue branded debit and credit cards to…,Fintech,2026-08-11T09:04:20.173406Z
1.0,STARTUP,Y Combinator Directory,https://www.aptible.com,Aptible,25,The No Infrastructure Platform as a Service,B2B,2026-08-11T09:04:21.195817Z
1.0,STARTUP,Y Combinator Directory,https://axoni.com,Axoni,155,Axoni is building the next generation of capital markets technology,Fintech,2026-08-11T09:04:19.566817Z
1.0,STARTUP,Y Combinator Directory,http://arcusfi.com,Arcus,100,Payment-as-a-service that helps any business launch payment solutions,Fintech,2026-08-11T09:04:22.330162Z
1.0,STARTUP,Y Combinator Directory,http://apptimize.com,Apptimize,50,Apptimize lets mobile teams innovate faster to create an amazing user…,B2B,2026-08-11T09:04:20.703746Z
1.0,STARTUP,Y Combinator Directory,http://authy.com,Authy,201,Authy is a Two-Factor Authentication platform for developers,B2B,2026-08-11T09:04:21.471280Z
1.0,STARTUP,Y Combinator Directory,http://anywhere.fm,Anywhere.Fm,11,Y Combinator Startup,Consumer,2026-08-11T09:04:20.412689Z
1.0,STARTUP,Y Combinator Directory,http://athinkingape.com,A Thinking Ape,75,We build communities through massively multiplayer mobile games,B2B,2026-08-11T09:04:21.153074Z
1.0,STARTUP,Y Combinator Directory,https://www.rohanmehta.com/,Arcane,2,AI,Consumer,2026-08-11T09:04:19.552623Z
1.0,STARTUP,Y Combinator Directory,https://autotab.com,Autotab,2,AI agents reliable enough to do real work,B2B,2026-08-11T09:04:20.235568Z
1.0,STARTUP,Y Combinator Directory,https://www.arroyo.dev,Arroyo,2,Cloud-native stream processing,B2B,2026-08-11T09:04:19.624544Z
1.0,STARTUP,Y Combinator Directory,https://anjahealth.com,Anja Health,2,Cord Blood Banking Reimagined,Healthcare,2026-08-11T09:04:20.635693Z
1.0,STARTUP,Y Combinator Directory,https://www.joinarc.com/,Arc,30,Banking & Funding for Startups,Fintech,2026-08-11T09:04:19.824113Z
1.0,STARTUP,Y Combinator Directory,https://www.aercompliance.com/,Aer,18,Compound compliance: the central hub for meeting SEC obligations,Fintech,2026-08-11T09:04:21.393159Z
1.0,STARTUP,Y Combinator Directory,https://awari.com/,Awari,35,Reinventing lifelong learning for the future of work.,Education,2026-08-11T09:04:20.670155Z
1.0,STARTUP,Y Combinator Directory,https://avenue.app/,Avenue,8,Observability platform for operations teams,B2B,2026-08-11T09:04:19.740945Z
1.0,STARTUP,Y Combinator Directory,https://www.aquariumlearning.com/,Aquarium Learning,12,We help ML teams improve their models by improving their datasets,B2B,2026-08-11T09:04:19.987158Z
1.0,STARTUP,Y Combinator Directory,https://altro.io,Altro,29,Build Credit With Your Subscriptions,Fintech,2026-08-11T09:04:20.610626Z
1.0,STARTUP,Y Combinator Directory,https://www.autohub.io,Autohub,2,We help dealerships appraise vehicle trade-ins more efficiently…,B2B,2026-08-11T09:04:20.073065Z
1.0,STARTUP,Y Combinator Directory,http://armory.io,Armory,90,"Continuous Deployment at any scale, for all developers.",B2B,2026-08-11T09:04:21.184308Z
1.0,STARTUP,Y Combinator Directory,https://ablejobs.co/,Able,50,India's Largest Placement Platform for Early Professionals,Consumer,2026-08-11T09:04:20.189558Z
1.0,STARTUP,Y Combinator Directory,http://automatic.com,Automatic,51,Automatic connects your car to the rest of your digital life.,Consumer,2026-08-11T09:04:20.747231Z
1.0,STARTUP,Y Combinator Directory,https://ascen.com,Ascen,17,EOR for the staffing industry,B2B,2026-08-11T09:04:20.868880Z
1.0,STARTUP,Y Combinator Directory,http://apollo.com,Apollo Health,1,Y Combinator Startup,Consumer,2026-08-11T09:04:20.771244Z
1.0,STARTUP,Y Combinator Directory,http://amulyte.com,Amulyte,2,Remote monitoring & activity tracking system for seniors.,Healthcare,2026-08-11T09:04:24.098805Z
1.0,STARTUP,Y Combinator Directory,http://appcubator.com,Appcubator,1,The easiest way to prototype web applications.,B2B,2026-08-11T09:04:25.501499Z
1.0,STARTUP,Y Combinator Directory,https://altrina.com,Altrina,4,The SOP Automation Platform,B2B,2026-08-11T09:04:24.771617Z
1.0,STARTUP,Y Combinator Directory,https://www.tryabel.com,Abel,2,Transforming document review for litigation teams,B2B,2026-08-11T09:04:23.536297Z
1.0,STARTUP,Y Combinator Directory,https://airtrain.ai,Airtrain Ai,5,No-code data curation for LLM fine-tuning and evaluation.,B2B,2026-08-11T09:04:24.766616Z
1.0,STARTUP,Y Combinator Directory,https://www.aisupervision.com,Aisupervision,13,The operating system for factory production lines,Industrials,2026-08-11T09:04:24.318349Z
1.0,STARTUP,Y Combinator Directory,https://alima.la,Alima,10,Fresh procurement made easy,B2B,2026-08-11T09:04:23.817541Z
1.0,STARTUP,Y Combinator Directory,https://www.avairsense.com/,Avairsense,14,We go all out to Build the Smartest AI-Enabled Cameras!,Consumer,2026-08-11T09:04:25.261938Z
1.0,STARTUP,Y Combinator Directory,https://www.antwalk.com/,Antwalk,50,An employee up-skilling platform for fast growing companies,Education,2026-08-11T09:04:24.011417Z
1.0,STARTUP,Y Combinator Directory,https://avionschool.com,Avion School,4,We teach Filipinos to become remote software engineers globally.,Education,2026-08-11T09:04:25.158489Z
1.0,STARTUP,Y Combinator Directory,https://www.aerotime.com,Aerotime,6,Calendar that kills time fragmentation,B2B,2026-08-11T09:04:23.859432Z
1.0,STARTUP,Y Combinator Directory,https://www.heyartifact.com/,Artifact,10,Personal podcasts with the people in your life,Consumer,2026-08-11T09:04:24.717085Z
1.0,STARTUP,Y Combinator Directory,https://www.avonow.com/,Avo,10,Online convenience store for residential and office buildings,Consumer,2026-08-11T09:04:24.098805Z
1.0,STARTUP,Y Combinator Directory,http://www.aalo.co,Aalo,1,Lego-like furniture for design geeks. We create furniture that's…,Consumer,2026-08-11T09:04:25.431283Z
1.0,STARTUP,Y Combinator Directory,https://appharbor.com,Appharbor,1,.NET Cloud Platform as a Service,B2B,2026-08-11T09:04:26.383897Z
1.0,STARTUP,Y Combinator Directory,http://www.airohealth.com,Airo Health,2,Airo is an AI to passively track and manage your mental health.,Healthcare,2026-08-11T09:04:25.043853Z
1.0,STARTUP,Y Combinator Directory,https://expanse.sh,Expanse,4,Unlock wasted GPU capacity.,B2B,2026-08-11T09:04:24.881983Z
1.0,STARTUP,Y Combinator Directory,https://www.edenrobotics.ai,Eden Robotics,4,Autonomous services for humanity.,Industrials,2026-08-11T09:04:26.578711Z
1.0,STARTUP,Y Combinator Directory,https://www.ed1th.com,Ed1Th,1,Jarvis IRL,Consumer,2026-08-11T09:04:25.116183Z
1.0,STARTUP,Y Combinator Directory,https://www.elyrasystems.com/,Elyra,2,AI Reservation System for Restaurants,B2B,2026-08-11T09:04:24.540957Z
1.0,STARTUP,Y Combinator Directory,https://goekpa.com/,Ekpa,2,Building Autonomous Research Agents for Trading,Fintech,2026-08-11T09:04:24.651478Z
1.0,STARTUP,Y Combinator Directory,https://emdash.com,Emdash,2,Open-source Agentic Development Environment,B2B,2026-08-11T09:04:25.356686Z
1.0,STARTUP,Y Combinator Directory,https://endclose.com,End Close,2,AI powered reconciliation for high-volume payments companies,B2B,2026-08-11T09:04:25.229272Z
1.0,STARTUP,Y Combinator Directory,https://www.eigenpal.com/,Eigenpal,1,AI Document Workflows for Enterprises,B2B,2026-08-11T09:04:24.528682Z
1.0,STARTUP,Y Combinator Directory,https://envariant.ai/,Envariant,1,Interpretability and reasoning infra for foundation models.,B2B,2026-08-11T09:04:24.956107Z
1.0,STARTUP,Y Combinator Directory,https://www.helloeos.ai/,Eos Ai,2,Autonomous OS for healthcare,Healthcare,2026-08-11T09:04:25.366837Z
1.0,STARTUP,Y Combinator Directory,https://everestagi.com/,Everest,1,Y Combinator Startup,Consumer,2026-08-11T09:04:25.211993Z
1.0,STARTUP,Y Combinator Directory,https://www.expectedparrot.com,Expected Parrot,5,Simulate your customers with AI agents,B2B,2026-08-11T09:04:25.566213Z
1.0,STARTUP,Y Combinator Directory,https://efference.ai,Efference,1,Y Combinator Startup,Industrials,2026-08-11T09:04:25.081388Z
1.0,STARTUP,Y Combinator Directory,https://epicenter.so,Epicenter,1,"ChatGPT's memory feature in an open, portable format",Consumer,2026-08-11T09:04:24.658986Z
1.0,STARTUP,Y Combinator Directory,https://effigov.com,Effigov,3,The AI OS for Cities,Government,2026-08-11T09:04:25.366837Z
1.0,STARTUP,Y Combinator Directory,https://www.eloquentai.co/,Eloquent Ai,5,The AI Operator for Financial Services,B2B,2026-08-11T09:04:24.634464Z
1.0,STARTUP,Y Combinator Directory,https://joinergo.com,Ergo,1,AI agents and unified data layer for revenue teams,B2B,2026-08-11T09:04:24.604439Z
1.0,STARTUP,Y Combinator Directory,https://exla.ai/,Exla,2,Building agents that reads logs and fixes issues on your behalf.,B2B,2026-08-11T09:04:25.801476Z
1.0,STARTUP,Y Combinator Directory,https://www.tryelip.ai/,Elip Ai,4,Cooking something sweet and salty!,B2B,2026-08-11T09:04:25.409955Z
1.0,STARTUP,Y Combinator Directory,https://excellence-ai.com/,Excellence Learning,4,AI tutor starting with maths and science,Education,2026-08-11T09:04:24.941600Z
1.0,STARTUP,Y Combinator Directory,https://www.enhancedradar.com/,Enhanced Radar,2,AI for air traffic control,Industrials,2026-08-11T09:04:24.731082Z
1.0,STARTUP,Y Combinator Directory,https://www.edexia.com/,Edexia,4,AI Teacher Assistant for Grading Essays,Education,2026-08-11T09:04:25.136606Z
1.0,STARTUP,Y Combinator Directory,https://www.embercopilot.ai,Ember,25,AI RCM. Increase net revenue by 16%.,Healthcare,2026-08-11T09:04:25.171010Z
1.0,STARTUP,Y Combinator Directory,https://www.endstack.com,Endstack,2,"The complete, collaborative workspace for humans and agents",B2B,2026-08-11T09:04:25.186038Z
1.0,STARTUP,Y Combinator Directory,https://www.exintherapeutics.com/,Exin Therapeutics,9,AI drug discovery platform for neurotherapeutics,Healthcare,2026-08-11T09:04:25.431283Z
1.0,STARTUP,Y Combinator Directory,https://www.et-al.io,Et Al.,2,Feed of insights extracted from your go-to sources using LLMs.,Consumer,2026-08-11T09:04:24.886996Z
1.0,STARTUP,Y Combinator Directory,https://www.elayne.com/,Elayne,8,"Estate settlement, from verified discovery to distribution",Fintech,2026-08-11T09:04:24.882983Z
1.0,STARTUP,Y Combinator Directory,https://www.withentropy.ai/,Entropy,2,Autonomous intake and RCM for specialty clinics.,Healthcare,2026-08-11T09:04:26.467292Z
1.0,STARTUP,Y Combinator Directory,https://www.emberrobotics.com,Ember Robotics,2,Datadog for robots,Industrials,2026-08-11T09:04:25.052771Z
1.0,STARTUP,Y Combinator Directory,https://emergent.sh,Emergent,1,AI app builder that turns your ideas into monetizable software.,Consumer,2026-08-11T09:04:24.809617Z
1.0,STARTUP,Y Combinator Directory,https://expand.ai/,Expand.Ai,2,Turn any website into an API.,B2B,2026-08-11T09:04:25.369316Z
1.0,STARTUP,Y Combinator Directory,https://www.useelevate.dev/,Elevate,3,Automated AI data integrations for roll-ups,B2B,2026-08-11T09:04:25.841830Z
1.0,STARTUP,Y Combinator Directory,https://www.entangl.com/,Entangl,11,Find & resolve issues in data center engineering & operations using AI,B2B,2026-08-11T09:04:25.051687Z
1.0,STARTUP,Y Combinator Directory,https://www.educato.com/,Educato,5,Worldwide exam-prep platform,Education,2026-08-11T09:04:25.505565Z
1.0,STARTUP,Y Combinator Directory,https://www.evolverebiosciences.com/,Evolvere Biosciences,3,Making Next-Generation Antibiotics that Outpace Bacterial Evolution,Healthcare,2026-08-11T09:04:26.139553Z
1.0,STARTUP,Y Combinator Directory,http://www.erisbio.com,Eris Biotech,2,Our drugs engage the immune system to fight tumors,Healthcare,2026-08-11T09:04:26.198727Z
1.0,STARTUP,Y Combinator Directory,https://edgetrace.ai,Edgetrace,4,Describe It. Find It. Act On It.,B2B,2026-08-11T09:04:25.265946Z
1.0,STARTUP,Y Combinator Directory,https://elodin.systems/,Elodin,5,Unified flight software and hardware for the mission of tomorrow,Industrials,2026-08-11T09:04:25.821477Z
1.0,STARTUP,Y Combinator Directory,https://ellipsis.dev,Ellipsis,2,Cloud platform for coding agents,B2B,2026-08-11T09:04:26.629218Z
1.0,STARTUP,Y Combinator Directory,https://ecliptor.ai,Ecliptor,2,AI and Embeddings.,B2B,2026-08-11T09:04:26.018519Z
1.0,STARTUP,Y Combinator Directory,https://www.eggnog.ai,Eggnog,1,Fun with AI video,Consumer,2026-08-11T09:04:26.285058Z
1.0,STARTUP,Y Combinator Directory,https://egoai.com,Ego,9,AI applied research lab building synthetic sapience; human-like AI,Consumer,2026-08-11T09:04:25.872599Z
1.0,STARTUP,Y Combinator Directory,https://www.ehl.markets/,Event Horizon Labs,10,AI research lab automating all of investing,Fintech,2026-08-11T09:04:25.431283Z
1.0,STARTUP,Y Combinator Directory,https://www.edencaremedical.com/,Eden Care,28,Claims infrastructure for African health insurance,Fintech,2026-08-11T09:04:25.349407Z
1.0,STARTUP,Y Combinator Directory,https://elythea.org/,Elythea,2,ML to predict and prevent pregnancy complications,Healthcare,2026-08-11T09:04:26.744015Z
1.0,STARTUP,Y Combinator Directory,https://envelopebudgeting.com/,Envelope,2,Budgeting app with built-in banking,Fintech,2026-08-11T09:04:25.263947Z
1.0,STARTUP,Y Combinator Directory,https://energent.ai/,Energent Ai,10,AI that audits AI — catching hallucinations before you ship them.,B2B,2026-08-11T09:04:26.975026Z
1.0,STARTUP,Y Combinator Directory,https://empirical.health,Empirical Health,4,Don't die of heart disease. Empirical is the first AI-native heart…,Healthcare,2026-08-11T09:04:25.795963Z
1.0,STARTUP,Y Combinator Directory,https://www.epsilla.com/,Epsilla,3,All-in-one platform to create AI agents with your private knowledge,B2B,2026-08-11T09:04:25.418427Z
1.0,STARTUP,Y Combinator Directory,https://www.electricair.io/,Electric Air,18,Tech-enabled heat pump contractor that cuts costs by 60%,Real Estate and Construction,2026-08-11T09:04:25.503506Z
1.0,STARTUP,Y Combinator Directory,https://every.io/,Every,12,Banking + Payroll/Benefits + Bookkeeping + Tax in one place,B2B,2026-08-11T09:04:26.287061Z
1.0,STARTUP,Y Combinator Directory,https://www.elyos.ai/,Elyos Ai,20,AI Customer Service Agents for trades and field services,B2B,2026-08-11T09:04:26.569710Z
1.0,STARTUP,Y Combinator Directory,https://escape.tech,Escape,29,Offensive security for the teams that are 100x outnumbered,B2B,2026-08-11T09:04:25.746271Z
1.0,STARTUP,Y Combinator Directory,https://withedge.com,Edge,2,The ultimate IP assistant.,B2B,2026-08-11T09:04:26.557858Z
1.0,STARTUP,Y Combinator Directory,https://www.epsilon-ai.com,Epsilon,2,AI Search Engine for Academic Research,Education,2026-08-11T09:04:26.281058Z
1.0,STARTUP,Y Combinator Directory,https://www.extend.ai/,Extend,25,Production-ready document processing,B2B,2026-08-11T09:04:25.664195Z
1.0,STARTUP,Y Combinator Directory,https://www.expressbuilding.ph,Express Building,14,Financing Southeast Asia's ~$1 trillion housing backlog,Real Estate and Construction,2026-08-11T09:04:26.369889Z
1.0,STARTUP,Y Combinator Directory,http://entvin.com?utm_source=yc,Entvin,5,Y Combinator Startup,Healthcare,2026-08-11T09:04:26.281058Z
1.0,STARTUP,Y Combinator Directory,https://www.ekho.com,Ekho,30,Shopify for vehicles,B2B,2026-08-11T09:04:25.540361Z
1.0,STARTUP,Y Combinator Directory,https://www.ethosx.finance/,Ethosx,2,The protocol for derivatives on blockchains,Fintech,2026-08-11T09:04:25.566213Z
1.0,STARTUP,Y Combinator Directory,https://erad.co/,Erad,5,Non-dilutive funding and payments in the Middle East,Fintech,2026-08-11T09:04:28.315714Z
1.0,STARTUP,Y Combinator Directory,https://www.getelessar.com/,Elessar,2,AI-powered engineering productivity tools,B2B,2026-08-11T09:04:26.039827Z
1.0,STARTUP,Y Combinator Directory,http://www.eugittx.com,Eugit Therapeutics,2,Enabling Tissue Targeting of Therapies,Healthcare,2026-08-11T09:04:26.743055Z
1.0,STARTUP,Y Combinator Directory,https://www.daft.ai/,Eventual,18,Building the AI data engine for any modality and scale,B2B,2026-08-11T09:04:26.155392Z
1.0,STARTUP,Y Combinator Directory,https://elphinstone.com.pk/,"Elphinstone, Inc.",15,Robo-advisory platform for Pakistan,Fintech,2026-08-11T09:04:26.663441Z
1.0,STARTUP,Y Combinator Directory,https://www.enlightra.com/,Enlightra,22,Multicolor lasers for ultrafast data transmission,Industrials,2026-08-11T09:04:26.563195Z
1.0,STARTUP,Y Combinator Directory,https://myeazipay.com,Eazipay Inc.,27,Eazipay powers effortless payroll and financial access in Africa.,Fintech,2026-08-11T09:04:26.605713Z
1.0,STARTUP,Y Combinator Directory,https://www.emobi.ai,Emobi,9,A single point integration for secure and automated EV charging.,B2B,2026-08-11T09:04:25.987145Z
1.0,STARTUP,Y Combinator Directory,http://elementary-data.com/,Elementary,12,Open-source data observability for data teams,B2B,2026-08-11T09:04:26.984769Z
1.0,STARTUP,Y Combinator Directory,https://www.elevatepay.co,Elevate (Formerly Bloom),7,US based USD accounts for non-US residents,Fintech,2026-08-11T09:04:25.695257Z
1.0,STARTUP,Y Combinator Directory,https://www.emergecareer.com/,Emerge Career,8,All-in-one re-entry & workforce development training platform,Education,2026-08-11T09:04:25.774961Z
1.0,STARTUP,Y Combinator Directory,https://exa.ai,Exa,75,Web search rebuilt for LLMs,B2B,2026-08-11T09:04:25.814478Z
1.0,STARTUP,Y Combinator Directory,https://www.evidence.dev,Evidence,6,Business intelligence as code,B2B,2026-08-11T09:04:26.307737Z
1.0,STARTUP,Y Combinator Directory,https://www.examedi.cl,Examedi,3,Uber for Healthcare in Latinamerica,Healthcare,2026-08-11T09:04:26.818973Z
1.0,STARTUP,Y Combinator Directory,https://endla.com,Endla,8,Software that increases the value of oil & gas wells,B2B,2026-08-11T09:04:26.586710Z
1.0,STARTUP,Y Combinator Directory,https://evidentlyai.com,Evidently Ai,2,Open-source monitoring for machine learning models,B2B,2026-08-11T09:04:26.750548Z
1.0,STARTUP,Y Combinator Directory,https://www.encuadrado.com/,Encuadrado,3,Payments and scheduling for services professionals in LATAM,B2B,2026-08-11T09:04:25.957204Z
1.0,STARTUP,Y Combinator Directory,https://ensoanalytics.com,Enso,20,Self-Service Data Prep and Blend Built for Data Teams.,B2B,2026-08-11T09:04:26.004151Z
1.0,STARTUP,Y Combinator Directory,https://www.enerjazz.tech/,Enerjazz,9,Making electric vehicle batteries affordable,Industrials,2026-08-11T09:04:25.992152Z
1.0,STARTUP,Y Combinator Directory,https://www.epinoma.com/,Epinoma,8,We engineer proteins that control the operating system of biology.,Healthcare,2026-08-11T09:04:26.156400Z
1.0,STARTUP,Y Combinator Directory,https://www.epsilon3.io/,Epsilon3,12,"AI-Powered ERP, MES, and Test Software for Complex Operations",B2B,2026-08-11T09:04:26.148558Z
1.0,STARTUP,Y Combinator Directory,https://www.entelexo.com/,Entelexo Biotherapeutics,3,Creating a New Class of Drugs to Address Incurable Autoimmune Diseases,Healthcare,2026-08-11T09:04:27.172332Z
1.0,STARTUP,Y Combinator Directory,http://www.enode.com,Enode,70,Energy Orchestration Platform,Industrials,2026-08-11T09:04:26.979029Z
1.0,STARTUP,Y Combinator Directory,https://www.expent.ai/,Expent Inc,10,Procure the right software 5x faster,B2B,2026-08-11T09:04:28.466294Z
1.0,STARTUP,Y Combinator Directory,https://encord.com,Encord,150,The data layer for physical AI,B2B,2026-08-11T09:04:26.007666Z
1.0,STARTUP,Y Combinator Directory,https://explorex.co,Explorex,25,Ecosystem Platform for Restaurants in India,Consumer,2026-08-11T09:04:27.626647Z
1.0,STARTUP,Y Combinator Directory,https://edenmed.com,Eden,55,Developing AI to unleash diagnostic abundance.,Healthcare,2026-08-11T09:04:26.181468Z
1.0,STARTUP,Y Combinator Directory,http://www.easol.com,Easol,70,Shopify for experiences,B2B,2026-08-11T09:04:28.699813Z
1.0,STARTUP,Y Combinator Directory,https://embeddables.com,Embeddables,23,The funnel builder built for health & wellness brands.,B2B,2026-08-11T09:04:27.075395Z
1.0,STARTUP,Y Combinator Directory,http://www.erudifi.com,Erudifi,88,Digital financial services for students in Southeast Asia,Fintech,2026-08-11T09:04:26.771034Z
1.0,STARTUP,Y Combinator Directory,https://getrest.app,Evolve (Makers Of Podcast App & Rest),23,"Rest is an AI sleep coach that helps you fix your sleep for good,…",Consumer,2026-08-11T09:04:27.581416Z
1.0,STARTUP,Y Combinator Directory,https://www.entocycle.com/,Entocycle,13,Automated factory to produce insect protein for farm animals.,Industrials,2026-08-11T09:04:27.174337Z
1.0,STARTUP,Y Combinator Directory,http://www.extern.com,Extern,30,"Professional Experience Anytime, Anywhere.",Consumer,2026-08-11T09:04:26.915591Z
1.0,STARTUP,Y Combinator Directory,https://equatortherapeutics.com/,Equator Therapeutics,2,We are developing a drug to burn calories and increase metabolism…,Healthcare,2026-08-11T09:04:27.958868Z
1.0,STARTUP,Y Combinator Directory,https://electroneek.com,Electroneek,175,Robotic Process Automation and Document Processing Platform,B2B,2026-08-11T09:04:27.278859Z
1.0,STARTUP,Y Combinator Directory,https://expo.dev,Expo,40,Expo brings together the best of web and native app development,B2B,2026-08-11T09:04:27.057355Z
1.0,STARTUP,Y Combinator Directory,http://elemenohealth.com,Elemeno Health,25,Just-in-time training and communication for frontline healthcare teams,Healthcare,2026-08-11T09:04:27.880434Z
1.0,STARTUP,Y Combinator Directory,http://edurev.in,Edurev,24,Learning App for 400M Indian Students like a Netflix for Education,Education,2026-08-11T09:04:26.822018Z
1.0,STARTUP,Y Combinator Directory,https://www.ello.com,Ello,45,Building the world's first 1:1 AI teacher.,Education,2026-08-11T09:04:27.191614Z
1.0,STARTUP,Y Combinator Directory,https://www.ezeit.ai/,Eze,32,"The easiest way to track, buy, and sell your company’s tech — all in…",B2B,2026-08-11T09:04:27.036184Z
1.0,STARTUP,Y Combinator Directory,https://explo.co/,Explo,24,Embedded Analytics and Data Sharing Platform,B2B,2026-08-11T09:04:28.123372Z
1.0,STARTUP,Y Combinator Directory,http://epic-aerospace.com,Epic Aerospace,14,Last-mile delivery for satellites.,Industrials,2026-08-11T09:04:27.955974Z
1.0,STARTUP,Y Combinator Directory,http://www.emotenow.com,Emote,6,Catch student behavior problems before they start.,Consumer,2026-08-11T09:04:26.968511Z
1.0,STARTUP,Y Combinator Directory,http://www.earth-ai.com,Arthur AI,12,Predictive Explorer and Driller for Critical Metal Deposits,Industrials,2026-08-11T09:04:28.161897Z
1.0,STARTUP,Y Combinator Directory,https://embrace.io,Embrace,62,Modern user-focused observability built on OpenTelemetry,B2B,2026-08-11T09:04:26.886437Z
1.0,STARTUP,Y Combinator Directory,http://www.eclipsefoods.com,Eclipse Foods,1,"Eclipse Foods is building the future of dairy using micelles, the…",Consumer,2026-08-11T09:04:29.571268Z
1.0,STARTUP,Y Combinator Directory,https://www.emilabs.ai,Emi Labs,50,"Helping great teams hire better frontline workers, faster.",B2B,2026-08-11T09:04:27.800302Z
1.0,STARTUP,Y Combinator Directory,https://exlyapp.com/,Exly,95,"One stop shop for creators to launch, manage & grow their knowledge…",Consumer,2026-08-11T09:04:26.741055Z
1.0,STARTUP,Y Combinator Directory,http://www.excepgen.com,Excepgen,3,Y Combinator Startup,Healthcare,2026-08-11T09:04:26.924785Z
1.0,STARTUP,Y Combinator Directory,https://www.edenworkplace.com,Eden,45,Workplace software for people-centric companies.,B2B,2026-08-11T09:04:26.744015Z
1.0,STARTUP,Y Combinator Directory,http://easel.io,Easel,2,Easel is a visual design tool built for the web. Since the web is…,B2B,2026-08-11T09:04:27.065882Z
1.0,STARTUP,Y Combinator Directory,http://iamexec.com/,Exec,11,Exec is a house cleaning service that users can book from their…,Consumer,2026-08-11T09:04:28.987534Z
1.0,STARTUP,Y Combinator Directory,https://edgebit.io,Edgebit,5,Autofix your software dependencies,B2B,2026-08-11T09:04:27.014803Z
1.0,STARTUP,Y Combinator Directory,http://echodio.com,Echodio,2,Sync and stream your music across any device. Acquired in 2009.,Consumer,2026-08-11T09:04:27.675988Z
1.0,STARTUP,Y Combinator Directory,http://engagebio.com,Engage Bio,10,"Potent, durable, and redosable non-viral genetic medicines",Healthcare,2026-08-11T09:04:27.862178Z
1.0,STARTUP,Y Combinator Directory,http://etacts.com,Etacts,2,Y Combinator Startup,B2B,2026-08-11T09:04:27.415706Z
1.0,STARTUP,Y Combinator Directory,https://www.enableus.com,Enable Us,14,Digital Sales Rooms (Acquired by MindTickle),B2B,2026-08-11T09:04:26.756022Z
1.0,STARTUP,Y Combinator Directory,https://www.emergetools.com/,Emerge Tools,9,Supercharge your mobile apps,B2B,2026-08-11T09:04:27.429688Z
1.0,STARTUP,Y Combinator Directory,http://embed.ly,Embedly,2,Y Combinator Startup,B2B,2026-08-11T09:04:27.175339Z
1.0,STARTUP,Y Combinator Directory,http://evryhealth.com/,Evry Health,87,Better health insurance for mid-size companies,Healthcare,2026-08-11T09:04:28.747044Z
1.0,STARTUP,Y Combinator Directory,http://www.escherreality.com/,Escher Reality,2,The backend for Augmented Reality.,Consumer,2026-08-11T09:04:28.447199Z
1.0,STARTUP,Y Combinator Directory,https://www.enzyme.com,Enzyme,32,Automating regulatory approval & compliance for life science companies,Healthcare,2026-08-11T09:04:26.827937Z
1.0,STARTUP,Y Combinator Directory,http://www.elucd.com,Elucd,8,Polling through mobile ads to enable governments to make better…,Government,2026-08-11T09:04:28.139374Z
1.0,STARTUP,Y Combinator Directory,https://www.elph.com,Elph,5,Acquired by Brex. Building digital payments infrastructure.,B2B,2026-08-11T09:04:28.036968Z
1.0,STARTUP,Y Combinator Directory,https://www.emburse.com,Emburse,1,Expense management and AP automation.,Fintech,2026-08-11T09:04:27.255339Z
1.0,STARTUP,Y Combinator Directory,https://engines.dev,Engines,2,Setup any repo with one command,B2B,2026-08-11T09:04:27.966237Z
1.0,STARTUP,Y Combinator Directory,http://www.emigre.us/,Emigre,2,Banking in India for Indian expats (NRIs),Fintech,2026-08-11T09:04:28.136360Z
1.0,STARTUP,Y Combinator Directory,https://growexceptionally.com/,Exceptionally,3,Affordable expertise for special needs parenting.,Education,2026-08-11T09:04:27.109188Z
1.0,STARTUP,Y Combinator Directory,https://elpha.com,Elpha,6,Professional network for women,Consumer,2026-08-11T09:04:27.000769Z
1.0,STARTUP,Y Combinator Directory,https://easyplan.in/,Easyplan,8,An AI-driven investment app for beginner investors in India,Fintech,2026-08-11T09:04:27.064384Z
1.0,STARTUP,Y Combinator Directory,https://endpointhealth.com/,Endpoint Health,23,Precision-first therapies,Healthcare,2026-08-11T09:04:28.313680Z
1.0,STARTUP,Y Combinator Directory,http://www.evo.do/,Evo.Do,2,QA Bots for Games,B2B,2026-08-11T09:04:28.730950Z
1.0,STARTUP,Y Combinator Directory,https://getelucify.com,Elucify,11,Elucify is an API that plugs into your CRM which automatically cleans…,B2B,2026-08-11T09:04:29.697295Z
1.0,STARTUP,Y Combinator Directory,https://www.condor.energy,Condor Energy,3,Software for enterprise energy procurement.,Industrials,2026-08-11T09:04:27.872435Z
1.0,STARTUP,Y Combinator Directory,https://voxelenergy.com/,Voxel Energy,3,Energy independent data centers with solar and repurposed batteries.,Industrials,2026-08-11T09:04:27.843996Z
1.0,STARTUP,Y Combinator Directory,https://www.orbio.earth/,Orbio Earth,6,Tracking methane emissions with satellites,B2B,2026-08-11T09:04:29.503800Z
1.0,STARTUP,Y Combinator Directory,https://www.polleverywhere.com,Poll Everywhere,70,Interactive meetings and presentations,B2B,2026-08-11T09:04:27.955974Z
1.0,STARTUP,Y Combinator Directory,http://directededge.com,Directed Edge,2,Product recommendations.,Consumer,2026-08-11T09:04:29.225084Z
1.0,STARTUP,Y Combinator Directory,https://www.niraenergy.com/,Nira Energy,20,Software to find the best sites for renewables on the electrical grid,Industrials,2026-08-11T09:04:27.341015Z
1.0,STARTUP,Y Combinator Directory,https://www.dreamcraft.com/,"Dreamcraft Entertainment, Inc.",23,Platform that allows anyone to create and monetize video games.,Consumer,2026-08-11T09:04:28.657316Z
1.0,STARTUP,Y Combinator Directory,https://mindemulation.org/,Mind Emulation Foundation,1,Y Combinator Startup,Healthcare,2026-08-11T09:04:27.404508Z
1.0,STARTUP,Y Combinator Directory,http://www.releaf.africa,Releaf Earth,100,Turning food waste into Biochar to remove CO2 from the atmsophere,Industrials,2026-08-11T09:04:29.255706Z
1.0,STARTUP,Y Combinator Directory,http://www.dosteducation.com/,Dost Education,30,Getting kids ready for school in India.,Education,2026-08-11T09:04:27.792589Z
1.0,STARTUP,Y Combinator Directory,http://www.weflywright.com,Wright Electric,4,Boeing for electric planes,Industrials,2026-08-11T09:04:27.851300Z
1.0,STARTUP,Y Combinator Directory,http://www.theessential.com,The Essential,11,E-commerce 2.0,Consumer,2026-08-11T09:04:28.416203Z
1.0,STARTUP,Y Combinator Directory,https://www.readyeducation.com,Ready Education,54,Ready Education is building the mobile OS for higher education. We…,Consumer,2026-08-11T09:04:27.832990Z
1.0,STARTUP,Y Combinator Directory,https://www.scienceexchange.com/,Science Exchange,50,Powering scientific outsourcing,Healthcare,2026-08-11T09:04:27.720545Z
1.0,STARTUP,Y Combinator Directory,https://pina.earth/en,Pina Earth,30,Unlocking carbon markets for European forest owners,Industrials,2026-08-11T09:04:28.896087Z
1.0,STARTUP,Y Combinator Directory,http://www.shelfengine.com,Shelf Engine,40,Transforms how grocery stores buy highly perishable foods.,B2B,2026-08-11T09:04:28.568805Z
1.0,STARTUP,Y Combinator Directory,http://www.jasmine.energy,Jasmine Energy,5,Claim solar incentives with AI,B2B,2026-08-11T09:04:27.962868Z
1.0,STARTUP,Y Combinator Directory,https://www.marathon.edu.vn,Marathon Education,20,We provide live after-school tutoring to K-12 students in Vietnam,Education,2026-08-11T09:04:28.415203Z
1.0,STARTUP,Y Combinator Directory,https://www.tailor-ed.com/,Tailor-Ed,10,AI-powered corporate learning for accelerated employee growth & skill…,Education,2026-08-11T09:04:28.241018Z
1.0,STARTUP,Y Combinator Directory,https://www.portalentryways.com/,Portal Entryways,4,Portal Entryways upgrades disabled-accessible doors so they can be…,B2B,2026-08-11T09:04:28.505640Z
1.0,STARTUP,Y Combinator Directory,http://getgex.com,Green Energy Exchange,3,We deliver affordable renewable energy direct to customers and are…,Industrials,2026-08-11T09:04:28.576332Z
1.0,STARTUP,Y Combinator Directory,https://www.heycanopy.com/,Canopy (Was Encarte),2,Encarte is building 1-click checkout for all online stores.,Fintech,2026-08-11T09:04:27.664764Z
1.0,STARTUP,Y Combinator Directory,https://kenota.com/,Kenota (Formerly Exvivo Labs),35,Kenota is revolutionizing the way we test for disease,Healthcare,2026-08-11T09:04:28.909153Z
1.0,STARTUP,Y Combinator Directory,http://ltse.com,Long Term Stock Exchange,68,LTSE is an ecosystem for visionary business.,Fintech,2026-08-11T09:04:28.333686Z
1.0,STARTUP,Y Combinator Directory,http://effectivealtruism.org,The Centre For Effective Altruism,15,We're your non-profit portfolio managers. We make giving to…,Unspecified,2026-08-11T09:04:28.845584Z
1.0,STARTUP,Y Combinator Directory,https://superlog.sh/,Superlog,2,Make software self-healing,B2B,2026-08-11T09:04:28.647312Z
1.0,STARTUP,Y Combinator Directory,https://21st.dev,21St,3,UI building blocks for the agentic internet,B2B,2026-08-11T09:04:28.239941Z
1.0,STARTUP,Y Combinator Directory,https://www.shortkit.dev,Shortkit,2,Media infra for consumer apps,B2B,2026-08-11T09:04:28.706856Z
1.0,STARTUP,Y Combinator Directory,https://trytrust.ai,Trustai,3,Continuous compliance and governance for agents on sensitive systems,B2B,2026-08-11T09:04:28.000948Z
1.0,STARTUP,Y Combinator Directory,https://sf-tensor.com,Sf Tensor,6,Infrastructure for AI labs to focus on research.,B2B,2026-08-11T09:04:28.581300Z
1.0,STARTUP,Y Combinator Directory,https://quotain.com,Quotain,2,AI sales simulations using your real deals,B2B,2026-08-11T09:04:29.307534Z
1.0,STARTUP,Y Combinator Directory,https://www.lucis.life,Lucis,17,Function Health for Europe,Healthcare,2026-08-11T09:04:29.269228Z
1.0,STARTUP,Y Combinator Directory,https://www.getkashikoi.com,Kashikoi,2,Simulation Engine for Benchmarking AI Products,B2B,2026-08-11T09:04:27.958868Z
1.0,STARTUP,Y Combinator Directory,https://qfex.com,Qfex,10,24/7 Global Stock Exchange,Fintech,2026-08-11T09:04:28.316685Z
1.0,STARTUP,Y Combinator Directory,https://tergle.com,Tergle,1,AI Agents for Audit,B2B,2026-08-11T09:04:28.023970Z
1.0,STARTUP,Y Combinator Directory,https://maive.ai,Maive,2,AI for Home Services,B2B,2026-08-11T09:04:28.509224Z
1.0,STARTUP,Y Combinator Directory,https://dartboard.ai,Dartboard,2,AI-native remote operations center for hardware fleets,Industrials,2026-08-11T09:04:28.227384Z
1.0,STARTUP,Y Combinator Directory,https://melder.io,Melder,2,AI formulas and document support for Microsoft Excel,B2B,2026-08-11T09:04:28.182947Z
1.0,STARTUP,Y Combinator Directory,https://struct.ai,Struct,3,Agents that keep prod running,B2B,2026-08-11T09:04:28.318690Z
1.0,STARTUP,Y Combinator Directory,https://www.trycandle.app/,Candle,2,Candle helps friends and couples grow closer daily in just 5 minutes.,Consumer,2026-08-11T09:04:28.317690Z
1.0,STARTUP,Y Combinator Directory,https://XTraffic.com/,Xtraffic,3,Technology for cities to automate and manage their traffic lights.,Government,2026-08-11T09:04:28.224384Z
1.0,STARTUP,Y Combinator Directory,https://zscc.ai,Zettascale,2,Energy efficient chips for AI,Industrials,2026-08-11T09:04:28.602386Z
1.0,STARTUP,Y Combinator Directory,https://www.codeviz.ai/,Codeviz,2,One living model of your software architecture,B2B,2026-08-11T09:04:28.489920Z
1.0,STARTUP,Y Combinator Directory,https://ideate.xyz,Ideate.Xyz,2,ideate.xyz is an AI-powered 3D art suite on the web,B2B,2026-08-11T09:04:29.004100Z
1.0,STARTUP,Y Combinator Directory,https://mem0.ai,Mem0,10,The Memory layer for AI Agents,B2B,2026-08-11T09:04:28.153374Z
1.0,STARTUP,Y Combinator Directory,https://www.feldy.ai,Feldy,4,Field-First AI for home services,B2B,2026-08-11T09:04:28.627304Z
1.0,STARTUP,Y Combinator Directory,https://vibrantlabs.com/,Vibrant Labs,6,Autonomously scaling environments,B2B,2026-08-11T09:04:28.316685Z
1.0,STARTUP,Y Combinator Directory,https://www.thecareoasis.com,Careoasis,2,Get Paid for Family Caregiving,Healthcare,2026-08-11T09:04:28.829470Z
1.0,STARTUP,Y Combinator Directory,https://www.mandel.ai/,Mandel Ai,2,AI Supply Chain Coordinator,B2B,2026-08-11T09:04:28.417202Z
1.0,STARTUP,Y Combinator Directory,https://yn.app,Y/N,5,Play your story,Consumer,2026-08-11T09:04:28.610306Z
1.0,STARTUP,Y Combinator Directory,https://coldreach.ai/,Coldreach,3,Find the best leads with custom intent signals,B2B,2026-08-11T09:04:28.404203Z
1.0,STARTUP,Y Combinator Directory,https://www.tennr.com,Tennr,205,"Fast, Transparent Patient Experiences",B2B,2026-08-11T09:04:29.010619Z
1.0,STARTUP,Y Combinator Directory,http://invisionmedtech.com/,Invision Medical Technology,2,AI Diagnosis of  Heart Disease,Healthcare,2026-08-11T09:04:28.568805Z
1.0,STARTUP,Y Combinator Directory,https://www.primevault.com,Primevault,11,Infrastructure powering stablecoin and digital finance,Fintech,2026-08-11T09:04:28.674840Z
1.0,STARTUP,Y Combinator Directory,https://unthread.io,Unthread,7,Automate support ops natively in Slack,B2B,2026-08-11T09:04:28.824483Z
1.0,STARTUP,Y Combinator Directory,https://mspilot.io,Mspilot,3,Turn AI adoption into a recurring revenue line.,B2B,2026-08-11T09:04:28.876992Z
1.0,STARTUP,Y Combinator Directory,https://www.spadeworks.co,Spadeworks,13,AI agents that turn every call into revenue for trade businesses,B2B,2026-08-11T09:04:28.770636Z
1.0,STARTUP,Y Combinator Directory,https://supersend.io/,Supersend,8,"Super Send automates personalized outreach across email, LinkedIn,…",B2B,2026-08-11T09:04:29.176407Z
1.0,STARTUP,Y Combinator Directory,https://lancedb.com,Lancedb,35,"Open-source, serverless vectordb for production-scale generative AI",B2B,2026-08-11T09:04:29.123227Z
1.0,STARTUP,Y Combinator Directory,https://www.kaso.ai,Kaso,20,AI group purchasing for restaurants,B2B,2026-08-11T09:04:28.687024Z
1.0,STARTUP,Y Combinator Directory,https://gotrebol.com/,Trébol,14,"Your back-office, on autopilot",B2B,2026-08-11T09:04:29.184825Z
1.0,STARTUP,Y Combinator Directory,https://formance.com,Formance,33,Open Source Infrastructure for the Financial Internet,B2B,2026-08-11T09:04:31.870858Z
1.0,STARTUP,Y Combinator Directory,https://www.strivemath.com/,Strive Math,13,Online Coding School for Kids 8-16,Education,2026-08-11T09:04:31.106575Z
1.0,STARTUP,Y Combinator Directory,https://www.svix.com,Svix,12,"Enterprise ready webhooks service, open-source and in the cloud",B2B,2026-08-11T09:04:31.193509Z
1.0,STARTUP,Y Combinator Directory,https://cashbook.in,Cashbook,4,Ramp for Indian Businesses - UPI Wallets for Employee Expenses,B2B,2026-08-11T09:04:31.069436Z
1.0,STARTUP,Y Combinator Directory,https://tupelosmb.com/,Tupelo,2,Marketplace for small business M&A,B2B,2026-08-11T09:04:31.920833Z
1.0,STARTUP,Y Combinator Directory,https://www.playdreamworld.com/,Dreamworld,30,DreamWorld is a next-gen Minecraft with generative AI building,Consumer,2026-08-11T09:04:31.916717Z
1.0,STARTUP,Y Combinator Directory,https://www.daybreakhealth.com/,Daybreak Health,20,The first digital mental health system for youth,Healthcare,2026-08-11T09:04:31.542103Z
1.0,STARTUP,Y Combinator Directory,https://www.swif.ai,Swif.Ai,20,Manage every device. Govern every AI agent.,B2B,2026-08-11T09:04:31.046157Z
1.0,STARTUP,Y Combinator Directory,https://www.powerus.de,Powerus,80,LinkedIn for skilled blue-collar workers,Consumer,2026-08-11T09:04:32.602983Z
1.0,STARTUP,Y Combinator Directory,https://ziphq.com/,Zip,500,The future of B2B spend,B2B,2026-08-11T09:04:31.899185Z
1.0,STARTUP,Y Combinator Directory,https://nestorup.com,Nestor,20,Skills-based talent management solutions for a dynamic workforce.,B2B,2026-08-11T09:04:32.158907Z
1.0,STARTUP,Y Combinator Directory,https://www.useopenwrench.com,Openwrench,1,We help retailers and restaurant chains manage repairs and…,B2B,2026-08-11T09:04:31.450543Z
1.0,STARTUP,Y Combinator Directory,https://www.psylaris.com/,Psylaris,23,Psychotherapy through autonomous and personalized VR-sessions.,Healthcare,2026-08-11T09:04:33.283986Z
1.0,STARTUP,Y Combinator Directory,https://close.com,Close,120,CRM and sales automation tools for startups and SMBs,B2B,2026-08-11T09:04:31.078567Z
1.0,STARTUP,Y Combinator Directory,https://lfcarry.com/,Legionfarm,7,AI workspace for professional gamers,Consumer,2026-08-11T09:04:31.378913Z
1.0,STARTUP,Y Combinator Directory,http://www.circa.co,Circa,21,Event marketing CRM,B2B,2026-08-11T09:04:32.090760Z
1.0,STARTUP,Y Combinator Directory,https://www.traces.ai,Traces,10,Transform your video monitoring with AI,B2B,2026-08-11T09:04:31.258666Z
1.0,STARTUP,Y Combinator Directory,https://paymongo.com,Paymongo,220,Modern online payments for the Philippines,Fintech,2026-08-11T09:04:31.790142Z
1.0,STARTUP,Y Combinator Directory,https://www.canix.com/,Canix,22,Canix makes it easy to get and stay compliant as a cannabis business.,B2B,2026-08-11T09:04:31.240889Z
1.0,STARTUP,Y Combinator Directory,http://greencanopynode.com,Green Canopy Node,31,Green Canopy NODE builds sustainable homes fast.,Real Estate and Construction,2026-08-11T09:04:32.556741Z
1.0,STARTUP,Y Combinator Directory,http://www.rocketlit.com,Rocketlit,11,RocketLit is an adaptive learning and assessment platform.,Education,2026-08-11T09:04:32.057631Z
1.0,STARTUP,Y Combinator Directory,https://dagger.io,Dagger,22,Develop your CI/CD pipelines as code and run them anywhere,B2B,2026-08-11T09:04:31.412418Z
1.0,STARTUP,Y Combinator Directory,https://www.traceloop.com,Traceloop,9,Know what your LLM is doing — and why it’s failing,B2B,2026-08-11T09:04:32.131723Z
1.0,STARTUP,Y Combinator Directory,http://unsaddl.com,Unsaddl,10,education benefits and leave of absence management,B2B,2026-08-11T09:04:33.350219Z
1.0,STARTUP,Y Combinator Directory,http://www.tryskylink.com,Skylink,22,Travel Management Meets AI,B2B,2026-08-11T09:04:31.801122Z
1.0,STARTUP,Y Combinator Directory,https://vogent.ai,Vogent,3,Build Voice AI Agents,B2B,2026-08-11T09:04:31.946108Z
1.0,STARTUP,Y Combinator Directory,https://keydb.dev,Keydb,2,The only database you'll ever need,B2B,2026-08-11T09:04:33.258475Z
1.0,STARTUP,Y Combinator Directory,https://dialect.to,Dialect,8,Making internet experiences distributable and actionable everywhere,B2B,2026-08-11T09:04:31.862962Z
1.0,STARTUP,Y Combinator Directory,http://presto.com,Presto,200,Digital meets physical for big chain restaurants,B2B,2026-08-11T09:04:32.383054Z
1.0,STARTUP,Y Combinator Directory,https://www.ownerscircle.com,Owners Circle,2,Kickstarter for local businesses,Fintech,2026-08-11T09:04:31.500766Z
1.0,STARTUP,Y Combinator Directory,https://thorntale.com,Thorntale,2,"The world's best presentation editor, powered by AI.",B2B,2026-08-11T09:04:32.252490Z
1.0,STARTUP,Y Combinator Directory,https://www.greentally.ai,Greentally,2,Affordable carbon tracking solution for all businesses,B2B,2026-08-11T09:04:32.753144Z
1.0,STARTUP,Y Combinator Directory,https://codeparrot.ai/,Codeparrot Ai,2,Helps Developers build stunning UI Lightning Fast ⚡️,B2B,2026-08-11T09:04:31.507953Z
1.0,STARTUP,Y Combinator Directory,https://www.pursuit-properties.com/,Pursuit,4,Turnkey co-ownership & management of properties,Real Estate and Construction,2026-08-11T09:04:32.390055Z
1.0,STARTUP,Y Combinator Directory,https://squire.ai,Squire.Ai,8,Never code alone.,B2B,2026-08-11T09:04:32.307189Z
1.0,STARTUP,Y Combinator Directory,https://www.perfekto.mx/,Perfekto,33,Grocery subscription service against food waste in Latam,Consumer,2026-08-11T09:04:32.014467Z
1.0,STARTUP,Y Combinator Directory,https://pointapi.com,Point Api,5,Point stores things you send over and over again and helps you re-use…,B2B,2026-08-11T09:04:32.198273Z
1.0,STARTUP,Y Combinator Directory,https://teevox.com,Teevox,11,Teevox,Consumer,2026-08-11T09:04:31.354348Z
1.0,STARTUP,Y Combinator Directory,https://ovipost.com,Ovipost,20,Automated insect farming,Industrials,2026-08-11T09:04:32.272004Z
1.0,STARTUP,Y Combinator Directory,https://www.peg.money,Peg (Formerly Paymobil),2,The super simple stablecoin wallet with free transactions,Fintech,2026-08-11T09:04:32.574003Z
1.0,STARTUP,Y Combinator Directory,https://capture.so,Capture,4,"All your notes, tasks, and files in one super-fast workspace.",B2B,2026-08-11T09:04:34.184711Z
1.0,STARTUP,Y Combinator Directory,https://eatnino.com/,Nino Foods,250,Building India's fast food empire,Consumer,2026-08-11T09:04:32.067140Z
1.0,STARTUP,Y Combinator Directory,https://enterflow.app,Flow,3,Improve your browsing experience by staying organized and intentful,B2B,2026-08-11T09:04:33.119665Z
1.0,STARTUP,Y Combinator Directory,https://squid.energy,Squid,3,AI agents for power grid planning  🦑,Industrials,2026-08-11T09:04:32.262004Z
1.0,STARTUP,Y Combinator Directory,https://www.codyco.ai/en,Codyco,4,The AI Reservation Team for Hotel Groups,B2B,2026-08-11T09:04:31.833335Z
1.0,STARTUP,Y Combinator Directory,https://beglaubigt.de/en-us,Beglaubigt.De,15,The legal back-office for European founders - the incorporation API…,B2B,2026-08-11T09:04:31.616959Z
1.0,STARTUP,Y Combinator Directory,https://sorcerer.earth,Sorcerer,4,Building a nervous system for the atmosphere,Industrials,2026-08-11T09:04:32.236938Z
1.0,STARTUP,Y Combinator Directory,https://sirdab.co/en,Sirdab,1,Cloud warehousing & supply chain platform in MENA,B2B,2026-08-11T09:04:32.337505Z
1.0,STARTUP,Y Combinator Directory,https://gimo.vn/en,Gimo,70,We help underbanked workers get paid before payday,Fintech,2026-08-11T09:04:31.935106Z
1.0,STARTUP,Y Combinator Directory,https://upflow.io/en/,Upflow,50,Cash collection tech for B2B businesses,Fintech,2026-08-11T09:04:31.756159Z
1.0,STARTUP,Y Combinator Directory,https://pools.events,Pools (Fka Withfriends),2,Pools is a memberships platform for event organizers,Consumer,2026-08-11T09:04:31.942108Z
1.0,STARTUP,Y Combinator Directory,https://globe.exchange,Globe,20,coinbase for derivatives,Fintech,2026-08-11T09:04:32.053630Z
1.0,STARTUP,Y Combinator Directory,http://www.eatchoppy.com,Choppy!,2,FAST FLAVORFUL PROTEIN,Consumer,2026-08-11T09:04:32.858402Z
1.0,STARTUP,Y Combinator Directory,https://www.bemlo.com/en,Bemlo,13,AI-native scheduling and workforce management platform for healthcare,Healthcare,2026-08-11T09:04:32.835398Z
1.0,STARTUP,Y Combinator Directory,https://sekilo.com/en/,Sekilo,15,Building the AI powered halal protein supply chain for foodservice in…,B2B,2026-08-11T09:04:32.712116Z
1.0,STARTUP,Y Combinator Directory,https://orderli.com/en,Orderli,6,Square for Europe,B2B,2026-08-11T09:04:31.985593Z
1.0,STARTUP,Y Combinator Directory,https://pideaky.com/en/,Pideaky,3,We help offline LatAm SMBs manage and accelerate their cash-flow,Fintech,2026-08-11T09:04:33.736647Z
1.0,STARTUP,Y Combinator Directory,https://palettehq.com/en,Palettehq,14,Manage sales commissions and sales performance,B2B,2026-08-11T09:04:33.014184Z
1.0,STARTUP,Y Combinator Directory,https://www.quotabook.com/en,Quotabook,50,Equity management platform for startups and investors.,B2B,2026-08-11T09:04:32.216421Z
1.0,STARTUP,Y Combinator Directory,https://membo.ee?lang=en,Membo,3,"Groceries fresher than a farmer’s market, delivered to you (EU)",Consumer,2026-08-11T09:04:32.598984Z
1.0,STARTUP,Y Combinator Directory,https://www.soyhenry.com/hiring-en,Henry,100,We train AI engineers and connect them with companies.,B2B,2026-08-11T09:04:32.524565Z
1.0,STARTUP,Y Combinator Directory,http://www.joe-app.com/en,Joe,12,"We let customers ""Buy Now Pay Later"" on any store in Europe.",Fintech,2026-08-11T09:04:33.833701Z
1.0,STARTUP,Y Combinator Directory,https://www.trykinect.ai/,Kinect,2,The AI revenue platform for D2C brands,B2B,2026-08-11T09:04:33.079816Z
1.0,STARTUP,Y Combinator Directory,http://shoptiques.com,Shoptiques,51,Shoptiques.com lets you shop the world's best local boutiques online.,Consumer,2026-08-11T09:04:32.341503Z
1.0,STARTUP,Y Combinator Directory,https://video.golpoai.com/,Golpo,7,Create Whiteboard Explainer Videos with AI from a Prompt or Document,B2B,2026-08-11T09:04:33.045748Z
1.0,STARTUP,Y Combinator Directory,https://rebolt.ai,Rebolt,3,AI-Powered Company OS,B2B,2026-08-11T09:04:33.395033Z
1.0,STARTUP,Y Combinator Directory,https://issen.com,Issen,1,AI realtime voice companion for language learning,Consumer,2026-08-11T09:04:32.692706Z
1.0,STARTUP,Y Combinator Directory,https://www.rewbi.com/,Rewbi,3,Rewbi uses AI to increase grid-connected battery storage revenue 2x,Industrials,2026-08-11T09:04:32.249948Z
1.0,STARTUP,Y Combinator Directory,https://videogen.io,Videogen,6,"Create professional videos in minutes with AI, online or via API",B2B,2026-08-11T09:04:32.514749Z
1.0,STARTUP,Y Combinator Directory,https://getfluently.app/,Fluently,2,Speaking coach for non-native English professionals,Consumer,2026-08-11T09:04:32.104555Z
1.0,STARTUP,Y Combinator Directory,https://vistapower.com,Vista Power,3,Batteries and solar for $0 upfront to help businesses save money,Industrials,2026-08-11T09:04:33.853278Z
1.0,STARTUP,Y Combinator Directory,https://www.sparkhq.ai,Spark,5,AI-powered workflows for energy infrastructure,B2B,2026-08-11T09:04:32.316746Z
1.0,STARTUP,Y Combinator Directory,https://zaymo.com,Zaymo,13,Interactive email builder for ecommerce brands,B2B,2026-08-11T09:04:33.812699Z
1.0,STARTUP,Y Combinator Directory,http://flintk12.com/,Flint,18,Personalized learning built for schools,Education,2026-08-11T09:04:32.649434Z
1.0,STARTUP,Y Combinator Directory,https://storyboarder.com,Storyboarder,2,Tool and platform to create and sell webcomics,Consumer,2026-08-11T09:04:34.615285Z
1.0,STARTUP,Y Combinator Directory,https://www.MaverickX.com,Maverickx,30,Engineering the future of chemistry for natural resource extraction,Industrials,2026-08-11T09:04:32.643129Z
1.0,STARTUP,Y Combinator Directory,https://gosats.io,Gosats,8,GoSats helps you earn free bitcoin when you shop in India.,Fintech,2026-08-11T09:04:32.847404Z
1.0,STARTUP,Y Combinator Directory,https://theankler.com,The Ankler,2,Subscription entertainment news,Consumer,2026-08-11T09:04:32.241953Z
1.0,STARTUP,Y Combinator Directory,https://soteriskin.com/,Soteri Skin,2,D2C Skincare for Eczema,Consumer,2026-08-11T09:04:32.410054Z
1.0,STARTUP,Y Combinator Directory,https://www.lingt.com/,Lingt,2,Lingt provided a web-based platform for learning languages leveraging…,Education,2026-08-11T09:04:33.437366Z
1.0,STARTUP,Y Combinator Directory,http://www.durioo.com,Durioo,50,Streaming Platform for Muslim Children,Consumer,2026-08-11T09:04:32.841398Z
1.0,STARTUP,Y Combinator Directory,https://www.poshenergy.com,Posh,10,Rapidly deployable energy solutions for modern commercial and…,Industrials,2026-08-11T09:04:33.064269Z
1.0,STARTUP,Y Combinator Directory,https://www.omoi.com,Omoi (Formerly Azuki),3,Japanese comic subscription service,Consumer,2026-08-11T09:04:34.732063Z
1.0,STARTUP,Y Combinator Directory,https://www.teachwithkoala.com,Koala,11,Minecraft for Teachers,Education,2026-08-11T09:04:32.585233Z
1.0,STARTUP,Y Combinator Directory,https://loops.so,Loops,10,Email sending for software companies,B2B,2026-08-11T09:04:32.469241Z
1.0,STARTUP,Y Combinator Directory,http://careerist.com/,Careerist,100,Learning platform for job seekers with job applications automation,Education,2026-08-11T09:04:33.033594Z
1.0,STARTUP,Y Combinator Directory,https://www.stepful.com,Stepful,100,Online Training for Healthcare Jobs,Education,2026-08-11T09:04:32.631716Z
1.0,STARTUP,Y Combinator Directory,https://www.pandai.org,Pandai,32,Learning app for school students in Southeast Asia,Education,2026-08-11T09:04:33.619204Z
1.0,STARTUP,Y Combinator Directory,https://www.novatr.com,Novatr,180,"Online cohort based courses for architects, engineers and designers…",Education,2026-08-11T09:04:32.588527Z
1.0,STARTUP,Y Combinator Directory,https://filadd.com/,Filadd,100,We help students in Latin America graduate from College.,Education,2026-08-11T09:04:33.671782Z
1.0,STARTUP,Y Combinator Directory,https://www.pylonump.com/,Pylon,72,Infrastructure management software for water & electricity companies,B2B,2026-08-11T09:04:33.459035Z
1.0,STARTUP,Y Combinator Directory,https://www.lapzo.com,Lapzo,135,Lattice for Latam with personalized learning and development,B2B,2026-08-11T09:04:32.772487Z
1.0,STARTUP,Y Combinator Directory,https://www.vincoed.com,Vinco,35,Retaining employees in LatAm via education,B2B,2026-08-11T09:04:33.429367Z
1.0,STARTUP,Y Combinator Directory,http://www.kaipodlearning.com,Kaipod Learning,27,A national network of microschools bringing school choice to every…,Education,2026-08-11T09:04:33.090811Z
1.0,STARTUP,Y Combinator Directory,https://www.kurios.la/,Kurios,10,Cohort-based online courses for professionals in Latin America,Education,2026-08-11T09:04:32.802261Z
1.0,STARTUP,Y Combinator Directory,https://redbean.ai,Redbean,6,Make games and stories with AI,Consumer,2026-08-11T09:04:33.417365Z
1.0,STARTUP,Y Combinator Directory,https://studystream.live,Studystream,8,24/7 video platform & online community for students to study together,Education,2026-08-11T09:04:33.322832Z
1.0,STARTUP,Y Combinator Directory,https://boldvoice.com,Boldvoice,12,Speech and accent coaching app for non-native English speakers,Consumer,2026-08-11T09:04:33.578205Z
1.0,STARTUP,Y Combinator Directory,https://kiwify.com.br,Kiwify,200,Create & sell online courses,Education,2026-08-11T09:04:32.981449Z
1.0,STARTUP,Y Combinator Directory,https://bloomapp.com,Bloom,8,Investing app that teaches you how to invest,Fintech,2026-08-11T09:04:32.840399Z
1.0,STARTUP,Y Combinator Directory,https://www.turingcollege.com/,Turing College,50,AI-driven online tech school for busy professionals,Education,2026-08-11T09:04:33.183324Z
1.0,STARTUP,Y Combinator Directory,https://www.upchieve.org,Upchieve,15,"Connecting low-income HS students with free, 24/7 online tutoring",Education,2026-08-11T09:04:33.535559Z
1.0,STARTUP,Y Combinator Directory,https://www.poliglota.org/,Poliglota,170,"The online language school for Latam, with groups led by an instructor",Education,2026-08-11T09:04:33.336542Z
1.0,STARTUP,Y Combinator Directory,http://www.manara.tech,Manara,10,Connecting top Middle East talent to global tech jobs,B2B,2026-08-11T09:04:33.230447Z
1.0,STARTUP,Y Combinator Directory,https://www.unschool.in/,Unschool,35,"Learn, Intern and become Industry-Ready",Education,2026-08-11T09:04:33.103241Z
1.0,STARTUP,Y Combinator Directory,https://www.codingal.com/?utm_source=yc,Codingal,100,Leading online after-school for kids & teens to learn AI & coding,Education,2026-08-11T09:04:32.961827Z
1.0,STARTUP,Y Combinator Directory,https://www.coderhouse.com/,Coderhouse,225,Effective and accessible online live education.,Education,2026-08-11T09:04:32.892521Z
1.0,STARTUP,Y Combinator Directory,https://getspokn.com/,Spokn,20,AI-powered video platform for Internal Comms and HR teams,B2B,2026-08-11T09:04:33.649213Z
1.0,STARTUP,Y Combinator Directory,https://scrimba.com,Scrimba,6,We turn people into hireable devs for 1% of the price of code…,Education,2026-08-11T09:04:32.993959Z
1.0,STARTUP,Y Combinator Directory,https://www.mozper.com/,Mozper,6,A debit card and app designed for kids and parents in Latin America,Fintech,2026-08-11T09:04:34.917301Z
1.0,STARTUP,Y Combinator Directory,https://www.tappityapp.com,Tappity,4,World's largest library of interactive lessons for kids,Consumer,2026-08-11T09:04:32.767461Z
1.0,STARTUP,Y Combinator Directory,http://ubits.com,Ubits,300,Learning Hub for companies in Latam,B2B,2026-08-11T09:04:33.711914Z
1.0,STARTUP,Y Combinator Directory,https://collegepulse.com/,College Pulse,9,Research and analytics company focused on college students.,B2B,2026-08-11T09:04:33.675782Z
1.0,STARTUP,Y Combinator Directory,https://www.recurse.com,Recurse Center,7,The retreat where curious programmers recharge and grow,Education,2026-08-11T09:04:34.672856Z
1.0,STARTUP,Y Combinator Directory,http://www.hirenimble.com,Nimble,25,Data-driven teacher hiring,Education,2026-08-11T09:04:33.410030Z
1.0,STARTUP,Y Combinator Directory,https://www.bloomtech.com,Bloom Institute Of Technology,50,The online coding school that invests in you.,Education,2026-08-11T09:04:33.379518Z
1.0,STARTUP,Y Combinator Directory,http://www.classdojo.com,Classdojo,100,"Communication app for K-8 teachers, kids, and families",Education,2026-08-11T09:04:33.258475Z
1.0,STARTUP,Y Combinator Directory,https://pahamify.com/,Pahamify,40,College entrance test preparation App for students in Indonesia,Education,2026-08-11T09:04:32.923554Z
1.0,STARTUP,Y Combinator Directory,https://StayQrious.com,Stayqrious,29,"StayQrious helps kids in India learn through online group classes,…",Education,2026-08-11T09:04:33.154805Z
1.0,STARTUP,Y Combinator Directory,https://www.holygrail.ai,Holy Grail,7,Y Combinator Startup,B2B,2026-08-11T09:04:33.202447Z
1.0,STARTUP,Y Combinator Directory,https://spicedata.com/,Spice Data,1,Restaurant Data for the Enterprise,B2B,2026-08-11T09:04:33.409027Z
1.0,STARTUP,Y Combinator Directory,https://www.demandcurve.com,Demand Curve,10,Learn how to build a scalable growth engine,Education,2026-08-11T09:04:33.338542Z
1.0,STARTUP,Y Combinator Directory,https://www.microverse.org,Microverse,35,Training and connecting untapped talent with global opportunities,Education,2026-08-11T09:04:33.055753Z
1.0,STARTUP,Y Combinator Directory,http://outtalent.com,Outtalent,8,We help top engineers from emerging markets get jobs abroad at…,Education,2026-08-11T09:04:33.956689Z
1.0,STARTUP,Y Combinator Directory,https://www.fynncredit.com,Fynn,26,SoFi for trade students,Fintech,2026-08-11T09:04:34.624301Z
1.0,STARTUP,Y Combinator Directory,http://hypeandvice.com,Hype And Vice,55,"Fashionable college, NBA and MLS apparel.",Consumer,2026-08-11T09:04:34.505514Z
1.0,STARTUP,Y Combinator Directory,http://junocollege.com,Juno College Of Technology,30,Juno is the university of the future.,Education,2026-08-11T09:04:34.179198Z
1.0,STARTUP,Y Combinator Directory,https://www.pillar.io,Pillar,5,All-In-One Creator Store,Consumer,2026-08-11T09:04:33.209452Z
1.0,STARTUP,Y Combinator Directory,https://prenda.com/,Prenda,15,K-8 microschools in your neighborhood,Education,2026-08-11T09:04:34.055289Z
1.0,STARTUP,Y Combinator Directory,https://voting.works,Votingworks,18,Non-profit building open-source voting machines for US elections.,Government,2026-08-11T09:04:35.265885Z
1.0,STARTUP,Y Combinator Directory,http://skill-lync.com,Skill-Lync,3000,Online engineering college for India. Learn technical skills & get…,Education,2026-08-11T09:04:34.963997Z
1.0,STARTUP,Y Combinator Directory,http://www.devcolor.org/,Devcolor,7,We give Black software engineers support they need to advance in tech.,Unspecified,2026-08-11T09:04:34.477211Z
1.0,STARTUP,Y Combinator Directory,https://www.lynks.com/,Lynks,40,Lynks is an e-commerce company that makes high demand products…,Consumer,2026-08-11T09:04:33.480966Z
1.0,STARTUP,Y Combinator Directory,http://shopular.com,Shopular,11,"Deals, Coupons & Cash Back for your favorite stores.",Consumer,2026-08-11T09:04:35.748077Z
1.0,STARTUP,Y Combinator Directory,http://bufferbox.com,Bufferbox,2,The future of package delivery. We are building a network of…,Consumer,2026-08-11T09:04:34.083799Z
1.0,STARTUP,Y Combinator Directory,http://fullstackacademy.com,Fullstack Academy,220,Pioneer in immersive code education. Acquired by Zovio (NASDAQ: ZVO)…,Education,2026-08-11T09:04:35.577743Z
1.0,STARTUP,Y Combinator Directory,http://zeromailer.com,Zeromailer,2,Easy mailing lists,B2B,2026-08-11T09:04:35.242810Z
1.0,STARTUP,Y Combinator Directory,https://www.stackai.com,Stackai,62,The Enterprise AI Transformation Platform,B2B,2026-08-11T09:04:33.582205Z
1.0,STARTUP,Y Combinator Directory,https://www.infera.bio,Infera,2,Control lab instruments with natural language.,Healthcare,2026-08-11T09:04:33.643208Z
1.0,STARTUP,Y Combinator Directory,https://instaagent.com,Instaagent,10,Scale marketing campaigns across hundreds of personas,B2B,2026-08-11T09:04:33.897788Z
1.0,STARTUP,Y Combinator Directory,https://interfaze.ai,Interfaze,5,AI model built for high accuracy deterministic tasks,B2B,2026-08-11T09:04:33.553094Z
1.0,STARTUP,Y Combinator Directory,https://inloop-robotics.com/,Inloop Robotics,4,Robotic arms that pick and pack your orders.,Industrials,2026-08-11T09:04:34.392192Z
1.0,STARTUP,Y Combinator Directory,https://www.incandor.com,Incandor,1,Behavioral intelligence infrastructure for anti-fraud,B2B,2026-08-11T09:04:34.295470Z
1.0,STARTUP,Y Combinator Directory,https://www.instancelabs.ai/,Instance,2,Automated evals for robot policies,B2B,2026-08-11T09:04:33.927137Z
1.0,STARTUP,Y Combinator Directory,https://www.illumelabs.ai,Illume Labs,3,24/7 Personal Health & Longevity Companion,Healthcare,2026-08-11T09:04:33.959691Z
1.0,STARTUP,Y Combinator Directory,https://inth.com,Inth,3,Enterprise privacy governance for companies that ship fast,B2B,2026-08-11T09:04:35.159070Z
1.0,STARTUP,Y Combinator Directory,https://www.inventoryquant.com,Inventoryquant,1,We automate the inventory process in insurance,B2B,2026-08-11T09:04:34.780720Z
1.0,STARTUP,Y Combinator Directory,https://instinct.xyz,Instinct,5,Trade your instinct,Fintech,2026-08-11T09:04:34.403709Z
1.0,STARTUP,Y Combinator Directory,https://incidentfox.ai,Incidentfox,2,"AI SRE agent that triages, coordinates, and fixes production incidents",B2B,2026-08-11T09:04:34.348107Z
1.0,STARTUP,Y Combinator Directory,https://imperfect.co,Imperfect,4,"Adaptive training coach for runners, cyclists, and triathletes",Consumer,2026-08-11T09:04:35.007666Z
1.0,STARTUP,Y Combinator Directory,https://item.app,Item,6,The AI-Native CRM that works for you,B2B,2026-08-11T09:04:34.160654Z
1.0,STARTUP,Y Combinator Directory,https://www.icarus.one/,Icarus,50,Stratospheric birds for defense,Industrials,2026-08-11T09:04:34.225866Z
1.0,STARTUP,Y Combinator Directory,https://imagineai.me,Imagine Ai,5,"We reverse engineer B2B growth, starting with LinkedIn.",B2B,2026-08-11T09:04:34.553476Z
1.0,STARTUP,Y Combinator Directory,https://interfere.com,Interfere,8,"Give engineering, product, and design teams insight into unseen issues",B2B,2026-08-11T09:04:34.119465Z
1.0,STARTUP,Y Combinator Directory,https://idler.ai/,Idler,13,reinforcement learning environments,B2B,2026-08-11T09:04:34.467673Z
1.0,STARTUP,Y Combinator Directory,https://getirongrid.com/,Iron Grid,2,Foundational models for risk and quality.,Industrials,2026-08-11T09:04:34.904292Z
1.0,STARTUP,Y Combinator Directory,https://ironledger.ai,Ironledger.Ai,1,AI-enabled Corporate Cards and Invoice Processing for Real Estate,Real Estate and Construction,2026-08-11T09:04:34.880789Z
1.0,STARTUP,Y Combinator Directory,https://inductionlabs.com,Induction Labs,2,Building intellectually curious AI,B2B,2026-08-11T09:04:34.874270Z
1.0,STARTUP,Y Combinator Directory,https://imprezia.ai,Imprezia,4,The World's First AI Ad Network.,B2B,2026-08-11T09:04:35.119078Z
1.0,STARTUP,Y Combinator Directory,https://irbc.com/,Irbc,3,AI-native financial institution for global businesses + agents.,Fintech,2026-08-11T09:04:34.237372Z
1.0,STARTUP,Y Combinator Directory,https://www.instinct-space.com/,Instinct Space,5,Building lunar landers,Industrials,2026-08-11T09:04:33.994301Z
1.0,STARTUP,Y Combinator Directory,https://infinite.dev,Infinite,4,Global B2B Stablecoin Processor,Fintech,2026-08-11T09:04:33.976846Z
1.0,STARTUP,Y Combinator Directory,https://www.inversionsemi.com,Inversion Semiconductor,9,"Manufacturing the most powerful chips, 15x faster",Industrials,2026-08-11T09:04:34.002302Z
1.0,STARTUP,Y Combinator Directory,https://innate.bot,Innate,7,Personal AI Robots,Consumer,2026-08-11T09:04:34.745049Z
1.0,STARTUP,Y Combinator Directory,https://www.tryinvo.com/,Invo,1,infra for computer use agents,B2B,2026-08-11T09:04:34.253378Z
1.0,STARTUP,Y Combinator Directory,https://ionworks.com/,Ionworks,5,Simulation software used by leading battery and automotive companies,Industrials,2026-08-11T09:04:35.299886Z
1.0,STARTUP,Y Combinator Directory,https://intryc.com,Intryc,14,Intryc uses AI to automate quality assurance for customer support,B2B,2026-08-11T09:04:34.576241Z
1.0,STARTUP,Y Combinator Directory,http://www.indemni.com,Indemni,7,Cargo Theft and Fraud Prevention Platform,B2B,2026-08-11T09:04:34.696396Z
1.0,STARTUP,Y Combinator Directory,https://www.inspectmind.ai,Inspectmind Ai,2,AI agent for construction drawings review,Real Estate and Construction,2026-08-11T09:04:34.809214Z
1.0,STARTUP,Y Combinator Directory,https://www.integuru.com,Integuru,5,"Generate fast, reliable APIs for any platform",B2B,2026-08-11T09:04:34.366615Z
1.0,STARTUP,Y Combinator Directory,https://www.infinityapp.in/,Infinity,15,Business banking for cross-border SMBs & Startups,Fintech,2026-08-11T09:04:34.213865Z
1.0,STARTUP,Y Combinator Directory,https://www.inquery.ai/,Inquery,4,Intelligent Medical Record Reviews,Healthcare,2026-08-11T09:04:34.717973Z
1.0,STARTUP,Y Combinator Directory,https://www.ion.design/,Ion Design,3,AI Website platform that grows revenue automatically,B2B,2026-08-11T09:04:34.187872Z
1.0,STARTUP,Y Combinator Directory,https://inconvo.com,Inconvo,2,Build chat-with-data agents for customer-facing applications,B2B,2026-08-11T09:04:34.198857Z
1.0,STARTUP,Y Combinator Directory,https://www.inventive.ai/,Inventive Ai,15,AI Agents For RFP and Questionnaire Response Automation,B2B,2026-08-11T09:04:34.280034Z
1.0,STARTUP,Y Combinator Directory,https://inletai.com,Inlet,2,AI timekeeping for legal professionals.,B2B,2026-08-11T09:04:34.787741Z
1.0,STARTUP,Y Combinator Directory,https://invitris.com/,Invitris,6,Creating new protein-based drugs at scale,Healthcare,2026-08-11T09:04:35.308887Z
1.0,STARTUP,Y Combinator Directory,https://www.invopop.com/,Invopop,7,We help global software companies comply with local tax reporting,B2B,2026-08-11T09:04:34.267920Z
1.0,STARTUP,Y Combinator Directory,https://www.inbuild.ai/,Inbuild,12,Workflow Automation for Construction Finance,B2B,2026-08-11T09:04:34.310165Z
1.0,STARTUP,Y Combinator Directory,https://www.infiniaweb.com/,Infinia,12,Move money programmatically,Fintech,2026-08-11T09:04:35.726076Z
1.0,STARTUP,Y Combinator Directory,https://icepanel.io,Icepanel,9,Design and explain complex software architecture.,B2B,2026-08-11T09:04:34.654314Z
1.0,STARTUP,Y Combinator Directory,https://inkeep.com,Inkeep,18,Build AI Agent teammates and automations in code or no-code,B2B,2026-08-11T09:04:34.354105Z
1.0,STARTUP,Y Combinator Directory,https://infra.new,Infra.New,3,AI Agent for Cloud Infrastructure,B2B,2026-08-11T09:04:34.937885Z
1.0,STARTUP,Y Combinator Directory,https://infisical.com,Infisical,50,"Unified platform for secrets, certs, and privileged access management",B2B,2026-08-11T09:04:34.521783Z
1.0,STARTUP,Y Combinator Directory,https://integrated-reasoning.com,Integrated Reasoning,1,Faster processors for solving NP-complete problems,B2B,2026-08-11T09:04:34.775766Z
1.0,STARTUP,Y Combinator Directory,https://intunedhq.com,Intuned,15,Code-first scrapers and RPAs — built and maintained by AI,B2B,2026-08-11T09:04:34.579713Z
1.0,STARTUP,Y Combinator Directory,https://invofox.com,Invofox,12,INVOFOX is the document processing AI for software companies,B2B,2026-08-11T09:04:35.525456Z
1.0,STARTUP,Y Combinator Directory,https://www.illuminant.ai/,Illuminant Surgical,11,A new way of seeing inside the human body.,Healthcare,2026-08-11T09:04:35.784519Z
1.0,STARTUP,Y Combinator Directory,https://instantdb.com,Instant,4,The best backend for AI-coded apps,B2B,2026-08-11T09:04:35.368017Z
1.0,STARTUP,Y Combinator Directory,https://impossiblemetals.com,Impossible Metals,20,Underwater robotic vehicles that collect  battery metals responsibly,Industrials,2026-08-11T09:04:36.959778Z
1.0,STARTUP,Y Combinator Directory,https://www.iotflows.com/,Iotflows Inc,60,Plug-and-play AI platform with sensors and dashboards that makes…,B2B,2026-08-11T09:04:34.914301Z
1.0,STARTUP,Y Combinator Directory,https://www.imt.care,Imt Care,23,Disrupting Indian Insurance space by empowering distrubutors,Healthcare,2026-08-11T09:04:34.466670Z
1.0,STARTUP,Y Combinator Directory,https://www.iomete.com/,Iomete,21,Self-hosted data lakehouse platform,B2B,2026-08-11T09:04:34.858761Z
1.0,STARTUP,Y Combinator Directory,https://getironleap.io/,Iron Leap,5,Enteprise AI,B2B,2026-08-11T09:04:36.722031Z
1.0,STARTUP,Y Combinator Directory,https://instant.ca,Instant Labs,1,Instant Labs builds modern tools to help you find and buy domain…,B2B,2026-08-11T09:04:35.898981Z
1.0,STARTUP,Y Combinator Directory,https://www.industrialnext.ai,Industrial Next,9,Tesla autonomous manufacturing for everyone,Industrials,2026-08-11T09:04:36.269976Z
1.0,STARTUP,Y Combinator Directory,http://www.invertbio.com/,Invert,25,Data analytics software for biomanufacturing.,Healthcare,2026-08-11T09:04:35.498436Z
1.0,STARTUP,Y Combinator Directory,https://www.inferedge.com,Inferedge,20,Agentic AI for buy-side firms,Fintech,2026-08-11T09:04:36.102412Z
1.0,STARTUP,Y Combinator Directory,https://www.idemeum.com,Idemeum,10,AI-powered Application Control,B2B,2026-08-11T09:04:35.279887Z
1.0,STARTUP,Y Combinator Directory,https://www.infer.so/,Infer,9,Operating system for insurance agencies,B2B,2026-08-11T09:04:34.716979Z
1.0,STARTUP,Y Combinator Directory,http://infina.vn,Infina,50,Leading wealth management and investing platform in Vietnam,Fintech,2026-08-11T09:04:35.252830Z
1.0,STARTUP,Y Combinator Directory,https://infiuss.com,Infiuss Health,4,2 sided Marketplace for accelerating medical research,B2B,2026-08-11T09:04:35.281887Z
1.0,STARTUP,Y Combinator Directory,https://intellect.co,Intellect,200,A modern-day mental healthcare company for global workforces.,Healthcare,2026-08-11T09:04:34.944891Z
1.0,STARTUP,Y Combinator Directory,https://ivy.homes,Ivy Homes,80,We make instant offers to buy homes in India,Real Estate and Construction,2026-08-11T09:04:34.703346Z
1.0,STARTUP,Y Combinator Directory,https://instakin.com/,Instakin,15,Financial Platform for Migrant Families in America,Fintech,2026-08-11T09:04:35.451540Z
1.0,STARTUP,Y Combinator Directory,https://www.instacrops.com,Instacrops,34,Helping farmers maximize crop yield,Industrials,2026-08-11T09:04:35.574236Z
1.0,STARTUP,Y Combinator Directory,https://www.instalab.com/,Instalab,1,Proactive Testing and Treatments,Healthcare,2026-08-11T09:04:36.276976Z
1.0,STARTUP,Y Combinator Directory,https://www.inversionspace.com/,Inversion Space,28,Turning space into a transportation layer for Earth,Industrials,2026-08-11T09:04:34.952964Z
1.0,STARTUP,Y Combinator Directory,https://infracost.io,Infracost,25,Shift FinOps Left: Proactively Find & Fix Cloud Cost Issues,B2B,2026-08-11T09:04:35.586505Z
1.0,STARTUP,Y Combinator Directory,https://www.inpharmd.com,Inpharmd,16,"We provide a curated, evidence- based answer to any clinical question.",Healthcare,2026-08-11T09:04:36.859899Z
1.0,STARTUP,Y Combinator Directory,http://www.inspectify.com,Inspectify,75,"Home Inspections, Simplified",Real Estate and Construction,2026-08-11T09:04:35.213288Z
1.0,STARTUP,Y Combinator Directory,https://www.insomabio.com/,Insoma Bio,4,Helping Plastic Surgeons Rebuild Fat,Healthcare,2026-08-11T09:04:36.874853Z
1.0,STARTUP,Y Combinator Directory,https://infeedo.ai,Infeedo Ai,150,"AI to engage employees, predict attrition and automate HR/IT support",B2B,2026-08-11T09:04:36.012675Z
1.0,STARTUP,Y Combinator Directory,https://increase.com/,Increase,15,API-first banking for ambitious technology companies.,Fintech,2026-08-11T09:04:35.187018Z
1.0,STARTUP,Y Combinator Directory,https://www.ilabservice.ai,Ilabservice,50,"AIoT monitoring, workflow, and evidence systems for regulated labs.",B2B,2026-08-11T09:04:35.192017Z
1.0,STARTUP,Y Combinator Directory,http://indinero.com,Indinero,250,Financial dashboard for businesses.,B2B,2026-08-11T09:04:36.859899Z
1.0,STARTUP,Y Combinator Directory,https://www.inscribe.ai/,Inscribe,35,"AI Document Fraud Detection for Banks, Credit Unions & Lenders",B2B,2026-08-11T09:04:35.027669Z
1.0,STARTUP,Y Combinator Directory,http://www.indeelabs.com,Indee Labs,5,"Enabling T cell immunotherapy discovery, development and manufacturing",Healthcare,2026-08-11T09:04:35.626114Z
1.0,STARTUP,Y Combinator Directory,http://instapainting.com,Instapainting,2,Custom-made artwork from artists e-commerce marketplace.,Consumer,2026-08-11T09:04:36.790788Z
1.0,STARTUP,Y Combinator Directory,http://isabl.io,Isabl,5,Cancer tests based on whole genome and transcriptome data.,Healthcare,2026-08-11T09:04:35.677828Z
1.0,STARTUP,Y Combinator Directory,https://www.infield.ai,Infield,5,"Safer, faster dependency upgrades",B2B,2026-08-11T09:04:35.101206Z
1.0,STARTUP,Y Combinator Directory,https://inevent.com,Inevent,150,"In-Person, Hybrid and Virtual Event Management Software",B2B,2026-08-11T09:04:36.085860Z
1.0,STARTUP,Y Combinator Directory,https://www.inito.com/,Inito,100,Enabling better self care with at-home hormone tracking.,Healthcare,2026-08-11T09:04:35.022671Z
1.0,STARTUP,Y Combinator Directory,https://www.instrumentl.com,Instrumentl,60,Instrumentl automates grant discovery and management for nonprofits.,B2B,2026-08-11T09:04:35.728076Z
1.0,STARTUP,Y Combinator Directory,http://instapathbio.com,Instapath Inc.,6,We built the world's first automated digital pathology lab.,Healthcare,2026-08-11T09:04:36.294976Z
1.0,STARTUP,Y Combinator Directory,http://www.intacttherapeutics.com,Intact Therapeutics,4,Smart gels for local drug delivery to the gut,Healthcare,2026-08-11T09:04:35.390197Z
1.0,STARTUP,Y Combinator Directory,https://www.intelline.ca/,Intelline,3,Intelline makes the world's most efficient fuel agnostic engines for…,Industrials,2026-08-11T09:04:35.206028Z
1.0,STARTUP,Y Combinator Directory,https://www.imgix.com,Imgix,34,The platform for your visual media.,B2B,2026-08-11T09:04:35.062678Z
1.0,STARTUP,Y Combinator Directory,http://interviewed.com,Interviewed,1,Job simulations and assessments.  See candidates in action doing the…,B2B,2026-08-11T09:04:35.682827Z
1.0,STARTUP,Y Combinator Directory,http://impraise.com,Impraise,35,Enable managers to create an effective work environment for their team,B2B,2026-08-11T09:04:37.617570Z
1.0,STARTUP,Y Combinator Directory,http://inklingmarkets.com,Inkling,11,Y Combinator Startup,B2B,2026-08-11T09:04:35.907991Z
1.0,STARTUP,Y Combinator Directory,https://useinari.com,Inari,2,Your junior AI product manager,B2B,2026-08-11T09:04:35.471402Z
1.0,STARTUP,Y Combinator Directory,https://getinflow.io/,Inflow,20,A self-help app for people to manage their ADHD.,Healthcare,2026-08-11T09:04:35.640109Z
1.0,STARTUP,Y Combinator Directory,https://www.inai.io,Inai,14,Segment for global payments,Fintech,2026-08-11T09:04:35.516456Z
1.0,STARTUP,Y Combinator Directory,https://www.impactive.io/,Impactive (Formerly Outvote),15,Political/civic tech helping progressive campaigns organize & mobilize,Government,2026-08-11T09:04:35.161073Z
1.0,STARTUP,Y Combinator Directory,http://www.innov8.work,Innov8,100,"We provide co-working offices to startups, freelancers and SMEs in…",Real Estate and Construction,2026-08-11T09:04:35.430715Z
1.0,STARTUP,Y Combinator Directory,https://www.interprime.co/,Interprime,3,Safe & Secure Cash Management for Businesses,B2B,2026-08-11T09:04:35.621112Z
1.0,STARTUP,Y Combinator Directory,http://inyourcorneronline.com,In Your Corner,2,We've transformed traditional therapy into an experience that is…,Healthcare,2026-08-11T09:04:35.776530Z
1.0,STARTUP,Y Combinator Directory,http://imgfave.com,Imgfave,2,A fun image sharing community.,Consumer,2026-08-11T09:04:35.684828Z
1.0,STARTUP,Y Combinator Directory,http://ijigg.com,Ijigg/Top440,2,Y Combinator Startup,Consumer,2026-08-11T09:04:35.863426Z
1.0,STARTUP,Y Combinator Directory,http://insoshi.com,Insoshi,1,Y Combinator Startup,B2B,2026-08-11T09:04:36.350655Z
1.0,STARTUP,Y Combinator Directory,https://www.tryinterlock.com/,Interlock,2,We are still in stealth mode.,B2B,2026-08-11T09:04:36.113383Z
1.0,STARTUP,Y Combinator Directory,https://indexical.dev/,Indexical,2,AI-powered data extraction engine,B2B,2026-08-11T09:04:37.086217Z
